Recipe name,Recipe Link,Image
Селедка под шубой,https://cooklikemary.ru//recipe/salat/seledka-pod-shuboy,https://cooklikemary.ru/sites/default/files/styles/width_255_height_381/public/74a707ec-c9c8-4bf8-ad3f-4aecc3c31e9a.jpeg?itok=PsNgcUih
Запеченная утка с айвой,https://cooklikemary.ru//recipe/picca/zapechennaya-utka-s-ayvoy,https://cooklikemary.ru/sites/default/files/styles/width_255_height_381/public/440713c8-3be2-4e32-92e6-05b0aefbb64f.jpeg?itok=tYelqRzn
Цитрусовый салат с креветками и авокадо,https://cooklikemary.ru//recipe/salat/citrusovyy-salat-s-krevetkami-i-avokado,https://cooklikemary.ru/sites/default/files/styles/width_255_height_381/public/4dd01947-e252-4d93-a327-d3badb0b4f6b.jpeg?itok=VE7nZduR
Салат «Мимоза»,https://cooklikemary.ru//recipe/salat/salat-mimoza,https://cooklikemary.ru/sites/default/files/styles/width_255_height_381/public/cfc4e7e0-11d7-4dab-ad4d-1bea7b74b1c0.jpeg?itok=JKLIgLrA
"Салат ""Обжорка"" (новая версия)",https://cooklikemary.ru//recipe/salat/salat-obzhorka-novaya-versiya,https://cooklikemary.ru/sites/default/files/styles/width_255_height_381/public/4c9ddfd9-1e5c-4f25-a432-0ab477090483.jpeg?itok=-7D8UlMx
Форель в апельсинах,https://cooklikemary.ru//recipe/ryba/forel-v-apelsinah,https://cooklikemary.ru/sites/default/files/styles/width_255_height_381/public/13a926f4-8456-4c56-80bc-be7ddf01e11f.jpeg?itok=CrZP-Ovo
Имбирное печенье,https://cooklikemary.ru//recipe/desert-i-vypechka/imbirnoe-pechene,https://cooklikemary.ru/sites/default/files/styles/width_255_height_381/public/d0f176f3-f77f-4fe6-901a-36ef62f30c6e.jpeg?itok=fbzKemhE
Жюльен из трёх видов грибов,https://cooklikemary.ru//recipe/zakuska/zhyulen-iz-tryoh-vidov-gribov,https://cooklikemary.ru/sites/default/files/styles/width_255_height_381/public/673d7873-9d9b-4c4b-9d4f-0780e6040193.jpeg?itok=dZ9QWKA1
Творожный штоллен,https://cooklikemary.ru//recipe/desert-i-vypechka/keks-maffiny-kulich/tvorozhnyy-shtollen,https://cooklikemary.ru/sites/default/files/styles/width_255_height_381/public/img_3309-3.jpg?itok=MFNxefLA
"Рагу из говядины с овощами, для скорейшего замужества",https://cooklikemary.ru//recipe/myaso/ragu-iz-govyadiny-s-ovoshchami-dlya-skoreyshego-zamuzhestva,https://cooklikemary.ru/sites/default/files/styles/width_255_height_381/public/08e0c8fa-ae47-4710-b82c-d2b4e43d99bf.jpeg?itok=8YEDwd7D
Печенье из арахисовой пасты,https://cooklikemary.ru//recipe/desert-i-vypechka/pechene-iz-arahisovoy-pasty,https://cooklikemary.ru/sites/default/files/styles/width_255_height_381/public/img_9458.jpg?itok=ksr8e6mF
Печенье «Отпечаток пальца» с джемом,https://cooklikemary.ru//recipe/desert-i-vypechka/pechene-otpechatok-palca-s-dzhemom,https://cooklikemary.ru/sites/default/files/styles/width_255_height_381/public/img_9408.jpg?itok=-7Ko0EIE
"Паста с фаршем, беконом и овощами",https://cooklikemary.ru//recipe/pastakrupa/pasta-s-farshem-bekonom-i-ovoshchami,https://cooklikemary.ru/sites/default/files/styles/width_255_height_381/public/img_9358-4_0.jpg?itok=NBwlitdk
Куриная грудка с грибами в сливочном соусе,https://cooklikemary.ru//recipe/ptica/kurica/kurinaya-grudka-s-gribami-v-slivochnom-souse,https://cooklikemary.ru/sites/default/files/styles/width_255_height_381/public/50a2eeed-370b-4d72-be7c-9e172cba13b5.jpeg?itok=Mj2b6AXw
Рыба по-итальянски с оливками и помидорами,https://cooklikemary.ru//recipe/ryba/ryba-po-italyanski-s-olivkami-i-pomidorami,https://cooklikemary.ru/sites/default/files/styles/width_255_height_381/public/60c1631f-445b-4152-afee-993cc686da27.jpeg?itok=Yp2YbdjJ
Сладкие гренки,https://cooklikemary.ru//recipe/hleb/sladkie-grenki,https://cooklikemary.ru/sites/default/files/styles/width_255_height_381/public/4791c13d-ef88-4566-968d-2ef0a30752ab.jpeg?itok=DSKc2woH
Оссобуко,https://cooklikemary.ru//recipe/myaso/govyadina/ossobuko,https://cooklikemary.ru/sites/default/files/styles/width_255_height_381/public/img_4538-2.jpg?itok=DiN0Wpo8
Кокосовые блинчики,https://cooklikemary.ru//recipe/bliny-oladi-syrniki/kokosovye-blinchiki,https://cooklikemary.ru/sites/default/files/styles/width_255_height_381/public/807b220c-c33a-4c0a-8e4a-3bc9ac27b034.jpeg?itok=jmgHm-zV
Судак в сливочном соусе,https://cooklikemary.ru//recipe/ryba/sudak-v-slivochnom-souse,https://cooklikemary.ru/sites/default/files/styles/width_255_height_381/public/img_9022-2-2.jpg?itok=S7_2M5Uu
Творожно-кокосовый кекс,https://cooklikemary.ru//recipe/tvorog/tvorozhno-kokosovyy-keks,https://cooklikemary.ru/sites/default/files/styles/width_255_height_381/public/img_1623.jpg?itok=9JYZHKrx
Пирог с брусникой,https://cooklikemary.ru//recipe/pirogi/pirog-s-brusnikoy,https://cooklikemary.ru/sites/default/files/styles/width_255_height_381/public/89c6f141-b69c-429a-9428-314c04b7482d.jpeg?itok=2zulbmBq
Запеченная курица в кленовом сиропе с овощами,https://cooklikemary.ru//recipe/ptica/zapechennaya-kurica-v-klenovom-sirope-s-ovoshchami,https://cooklikemary.ru/sites/default/files/styles/width_255_height_381/public/ac209ed4-51c3-4455-b094-cd74137378aa.jpeg?itok=TjoQZULH
Творожный кекс с изюмом,https://cooklikemary.ru//recipe/tvorog/tvorozhnyy-keks-s-izyumom,https://cooklikemary.ru/sites/default/files/styles/width_255_height_381/public/4e30cf11-a563-4024-af0d-f94771259e6e.jpeg?itok=RmtL6vo7
Пирог с яблоками и творожным кремом,https://cooklikemary.ru//recipe/pirogi/pirog-s-yablokami-i-tvorozhnym-kremom,https://cooklikemary.ru/sites/default/files/styles/width_255_height_381/public/d934777f-ad11-4b63-ba9e-0e7093f950ed.jpeg?itok=q2_aMwUL
Пармеджано,https://cooklikemary.ru//recipe/zakuska/parmedzhano,https://cooklikemary.ru/sites/default/files/styles/width_255_height_381/public/81eeda9a-cba6-442b-89c9-61cf44e18cf0.jpeg?itok=-tLupQn6
Каннеллони с фаршем,https://cooklikemary.ru//recipe/myaso/kannelloni-s-farshem-0,https://cooklikemary.ru/sites/default/files/styles/width_255_height_381/public/ea04eaee-5cae-48db-8c54-af1d318f5462.jpeg?itok=iDBci_nZ
Маринованный инжир с бурратой и карамелью,https://cooklikemary.ru//recipe/zakuska/marinovannyy-inzhir-s-burratoy-i-karamelyu,https://cooklikemary.ru/sites/default/files/styles/width_255_height_381/public/f280624e-4328-42f2-a14b-b89c1be48a5e.jpeg?itok=S5fzj28E
Салат с морепродуктами и сочной зеленью,https://cooklikemary.ru//recipe/salat/salat-s-moreproduktami-i-sochnoy-zelenyu,https://cooklikemary.ru/sites/default/files/styles/width_255_height_381/public/390a0aaf-eb57-443d-ad92-4a5eea08abe4.jpeg?itok=Kx28YrtW
Клюквенный чизкейк,https://cooklikemary.ru//recipe/pirogi/sladkiy-pirog/klyukvennyy-chizkeyk,https://cooklikemary.ru/sites/default/files/styles/width_255_height_381/public/bez_imeni_1_iz_1-172.jpg?itok=g9VBK_f_
Крем-суп из шампиньонов,https://cooklikemary.ru//recipe/sup/krem-sup-iz-shampinonov,https://cooklikemary.ru/sites/default/files/styles/width_255_height_381/public/d5611944-ab37-4e07-bcd1-392cfda98043.jpeg?itok=lEvY2dhm
Облепиховый чай с грушей и корицей,https://cooklikemary.ru//recipe/napitki/oblepihovyy-chay-s-grushey-i-koricey,https://cooklikemary.ru/sites/default/files/styles/width_255_height_381/public/da8bac01-f3e9-4d4f-90a0-2172eca960f5.jpeg?itok=3u0UZRq1
Халлуми с брусничным соусом,https://cooklikemary.ru//recipe/zakuska/hallumi-s-brusnichnym-sousom,https://cooklikemary.ru/sites/default/files/styles/width_255_height_381/public/a6f0131f-3a1a-4db6-962b-640685429a8a.jpeg?itok=k5qBnEYS
Фаршированные перцы с грибами и булгуром,https://cooklikemary.ru//recipe/ovoshchi/farshirovannye-percy-s-gribami-i-bulgurom,https://cooklikemary.ru/sites/default/files/styles/width_255_height_381/public/b4af478e-d790-4544-92a7-95473a058099.jpeg?itok=If757zf_
Миндальный пирог с нектаринами (или персиками),https://cooklikemary.ru//recipe/pirogi/mindalnyy-pirog-s-nektarinami-ili-persikami,https://cooklikemary.ru/sites/default/files/styles/width_255_height_381/public/09ee9052-6aa7-431b-90af-46b28303fcc5.jpeg?itok=Yy7hRc7v
Паста с креветками и цукини,https://cooklikemary.ru//recipe/pastakrupa/pasta-s-krevetkami-i-cukini,https://cooklikemary.ru/sites/default/files/styles/width_255_height_381/public/73f4b91e-b897-42c3-aae7-eef502ff2d3c.jpeg?itok=ARUtPYx4
Митболы из кролика в томатно-сливочном соусе,https://cooklikemary.ru//recipe/myaso/krolik/mitboly-iz-krolika-v-tomatno-slivochnom-souse,https://cooklikemary.ru/sites/default/files/styles/width_255_height_381/public/759083b2-b384-4996-bba8-19e505590264.jpeg?itok=hk9-pWTm
Пирог с лососем и творожным сыром,https://cooklikemary.ru//recipe/pirogi/pirog-s-lososem-i-tvorozhnym-syrom,https://cooklikemary.ru/sites/default/files/styles/width_255_height_381/public/img_4451-2.jpg?itok=j6qGh6i0
Меренговый рулет с лепестками миндаля и клубникой,https://cooklikemary.ru//recipe/desert-i-vypechka/merengovyy-rulet-s-lepestkami-mindalya-i-klubnikoy,https://cooklikemary.ru/sites/default/files/styles/width_255_height_381/public/img_8501-2_1.jpg?itok=BtnHU2t_
Кростата с шоколадом,https://cooklikemary.ru//recipe/desert-i-vypechka/krostata-s-shokoladom,https://cooklikemary.ru/sites/default/files/styles/width_255_height_381/public/img_1140_1.jpg?itok=62D0-DO0
Рис с овощами и яйцом (по-тайски),https://cooklikemary.ru//recipe/pastakrupa/ris-s-ovoshchami-i-yaycom-po-tayski,https://cooklikemary.ru/sites/default/files/styles/width_255_height_381/public/img_8497-3.jpg?itok=qKbkRFW-
"Тарталетки с ванильным кремом, малиной и взбитыми сливками",https://cooklikemary.ru//recipe/desert-i-vypechka/tartaletki-s-vanilnym-kremom-malinoy-i-vzbitymi-slivkami,https://cooklikemary.ru/sites/default/files/styles/width_255_height_381/public/img_8395-2_0.jpg?itok=d8oNxRfn
Курица с овощами в соусе терияки,https://cooklikemary.ru//recipe/ptica/kurica/kurica-s-ovoshchami-v-souse-teriyaki,https://cooklikemary.ru/sites/default/files/styles/width_255_height_381/public/img_8419_1.jpg?itok=ueXwwp4S
Творожное печенье поцелуйчики,https://cooklikemary.ru//recipe/desert-i-vypechka/pechene/tvorozhnoe-pechene-poceluychiki,https://cooklikemary.ru/sites/default/files/styles/width_255_height_381/public/img_4741.jpg?itok=zwmd9za8
Пирог с мясом,https://cooklikemary.ru//recipe/pirogi/pirog-s-myasom,https://cooklikemary.ru/sites/default/files/styles/width_255_height_381/public/img_9164-2-2_0.jpg?itok=5pw3VHUJ
Паста с перцем и сыром,https://cooklikemary.ru//recipe/pastakrupa/pasta-s-percem-i-syrom,https://cooklikemary.ru/sites/default/files/styles/width_255_height_381/public/img_8455.jpg?itok=B-6LIAFh
Линцский торт (пирог с джемом),https://cooklikemary.ru//recipe/desert-i-vypechka/lincskiy-tort-pirog-s-dzhemom,https://cooklikemary.ru/sites/default/files/styles/width_255_height_381/public/img_8350-3.jpg?itok=JRugIK7i
Стеклянная лапша с овощами и креветками,https://cooklikemary.ru//recipe/pastakrupa/steklyannaya-lapsha-s-ovoshchami-i-krevetkami,https://cooklikemary.ru/sites/default/files/styles/width_255_height_381/public/img_8341-2-2.jpg?itok=vOPiQ1yq
Американский лаймовый пирог,https://cooklikemary.ru//recipe/pirogi/amerikanskiy-laymovyy-pirog,https://cooklikemary.ru/sites/default/files/styles/width_255_height_381/public/img_8325.jpg?itok=8f29yx8u
Меренга для куличей,https://cooklikemary.ru//recipe/desert-i-vypechka/keks-maffiny-kulich/merenga-dlya-kulichey,https://cooklikemary.ru/sites/default/files/styles/width_255_height_381/public/img_1668.jpg?itok=6tVy_amU
Пасхальный кулич без дрожжей,https://cooklikemary.ru//recipe/desert-i-vypechka/keks-maffiny-kulich/pashalnyy-kulich-bez-drozhzhey,https://cooklikemary.ru/sites/default/files/styles/width_255_height_381/public/img_1668_3.jpg?itok=SolyBuRE
Ризотто с голубым сыром,https://cooklikemary.ru//recipe/pastakrupa/rizotto-s-golubym-syrom,https://cooklikemary.ru/sites/default/files/styles/width_255_height_381/public/img_0200-2-2.jpg?itok=CMMyJ6aH
Кунжутное печенье,https://cooklikemary.ru//recipe/desert-i-vypechka/pechene/kunzhutnoe-pechene,https://cooklikemary.ru/sites/default/files/styles/width_255_height_381/public/img_1058-2.jpg?itok=4xuW1df1
Банановый кекс,https://cooklikemary.ru//recipe/desert-i-vypechka/keks-maffiny-kulich/bananovyy-keks,https://cooklikemary.ru/sites/default/files/styles/width_255_height_381/public/img_0176-2.jpg?itok=B3LRmpLM
Минестроне с чечевицей,https://cooklikemary.ru//recipe/sup/minestrone-s-chechevicey,https://cooklikemary.ru/sites/default/files/styles/width_255_height_381/public/img_0153-2.jpg?itok=CoqPLBo9
Салат «Нисуаз» с консервированным тунцом,https://cooklikemary.ru//recipe/salat/salat-nisuaz-s-konservirovannym-tuncom,https://cooklikemary.ru/sites/default/files/styles/width_255_height_381/public/img_0001.jpg?itok=ZSRGlCkI
Булочка с корицей или синнабон,https://cooklikemary.ru//recipe/desert-i-vypechka/bulochka-s-koricey-ili-sinnabon,https://cooklikemary.ru/sites/default/files/styles/width_255_height_381/public/img_0081-4.jpg?itok=559zEVkm
Песочное печенье с карамельным окошком,https://cooklikemary.ru//recipe/desert-i-vypechka/pechene/pesochnoe-pechene-s-karamelnym-okoshkom,https://cooklikemary.ru/sites/default/files/styles/width_255_height_381/public/img_0051-4-2.jpg?itok=SLuKwJJf
Галета с клубникой,https://cooklikemary.ru//recipe/pirogi/galeta-s-klubnikoy,https://cooklikemary.ru/sites/default/files/styles/width_255_height_381/public/img_20200202_192205_489_1.jpg?itok=qXJzJITS
Печенье дабл-шоколад,https://cooklikemary.ru//recipe/desert-i-vypechka/pechene/pechene-dabl-shokolad,https://cooklikemary.ru/sites/default/files/styles/width_255_height_381/public/img_9994-5.jpg?itok=c1rp6BZD
Запеченная спаржа,https://cooklikemary.ru//recipe/garnir/zapechennaya-sparzha,https://cooklikemary.ru/sites/default/files/styles/width_255_height_381/public/img_9915.jpg?itok=LHBog9Jw
Жареные кальмары с карамельным луком по-испански,https://cooklikemary.ru//recipe/moreprodukty/zharenye-kalmary-s-karamelnym-lukom-po-ispanski,https://cooklikemary.ru/sites/default/files/styles/width_255_height_381/public/img_9717-2.jpg?itok=c1aErLPa
"Оливье с нежной куриной грудкой, битыми огурцами и соусом аойли",https://cooklikemary.ru//recipe/salat/olive-s-nezhnoy-kurinoy-grudkoy-bitymi-ogurcami-i-sousom-aoyli,https://cooklikemary.ru/sites/default/files/styles/width_255_height_381/public/img_9859_1.jpg?itok=STcMhHhV
Творожный штоллен,https://cooklikemary.ru//recipe/desert-i-vypechka/keks-maffiny-kulich/tvorozhnyy-shtollen-0,https://cooklikemary.ru/sites/default/files/styles/width_255_height_381/public/img_9890_0.jpg?itok=fVql3Jcq
Салат с киноа и печёной тыквой,https://cooklikemary.ru//recipe/salat/salat-s-kinoa-i-pechyonoy-tykvoy,https://cooklikemary.ru/sites/default/files/styles/width_255_height_381/public/img_9773_0.jpg?itok=tRN1ZD7R
Рождественский кекс с сухофруктами и орехами,https://cooklikemary.ru//recipe/desert-i-vypechka/keks-maffiny-kulich/rozhdestvenskiy-keks-s-suhofruktami-i-orehami-0,https://cooklikemary.ru/sites/default/files/styles/width_255_height_381/public/bez_imeni_1_iz_1-282_1.jpg?itok=GpQgQzzp
Уха по-фински,https://cooklikemary.ru//recipe/sup/uha-po-finski,https://cooklikemary.ru/sites/default/files/styles/width_255_height_381/public/img_9696_0.jpg?itok=zfvUfjae
Макароны по-флотски,https://cooklikemary.ru//recipe/pastakrupa/makarony-po-flotski,https://cooklikemary.ru/sites/default/files/styles/width_255_height_381/public/img_9751-3.jpg?itok=KghLKlz0
Пирог с творогом и клубникой,https://cooklikemary.ru//recipe/pirogi/pirog-s-tvorogom-i-klubnikoy,https://cooklikemary.ru/sites/default/files/styles/width_255_height_381/public/img_9659-2.jpg?itok=Y2Rmrnjd
Творожная запеканка с карамелизированными бананами,https://cooklikemary.ru//recipe/desert-i-vypechka/tvorozhnaya-zapekanka-s-karamelizirovannymi-bananami,https://cooklikemary.ru/sites/default/files/styles/width_255_height_381/public/w2xfpsvlpsy.jpg?itok=stoZ2X4J
"Салат из красной капусты, яблока и куриной грудки",https://cooklikemary.ru//recipe/salat/salat-iz-krasnoy-kapusty-yabloka-i-kurinoy-grudki,https://cooklikemary.ru/sites/default/files/styles/width_255_height_381/public/img_9400-4.jpg?itok=IgzxfzNr
Яблочный пирог,https://cooklikemary.ru//recipe/pirogi/yablochnyy-pirog,https://cooklikemary.ru/sites/default/files/styles/width_255_height_381/public/img_9312-2.jpg?itok=cPDIHk9J
"Пирожное ""Медовик""",https://cooklikemary.ru//recipe/desert-i-vypechka/pirozhnoe-medovik,https://cooklikemary.ru/sites/default/files/styles/width_255_height_381/public/fullsizerender-09-09-19-13-23-2.jpg?itok=4k5VL-HI
Жареный кальмар,https://cooklikemary.ru//recipe/moreprodukty/zharenyy-kalmar,https://cooklikemary.ru/sites/default/files/styles/width_255_height_381/public/img_9125.jpg?itok=Ux_MJDcb
Кабачковые оладьи в итальянском стиле,https://cooklikemary.ru//recipe/bliny-oladi-syrniki/kabachkovye-oladi-v-italyanskom-stile,https://cooklikemary.ru/sites/default/files/styles/width_255_height_381/public/img_8972_0.jpg?itok=KsN0f1ns
Тартар из тунца с гуакамоле,https://cooklikemary.ru//recipe/ryba/tartar-iz-tunca-s-guakamole,https://cooklikemary.ru/sites/default/files/styles/width_255_height_381/public/img_8355-2.jpg?itok=437D8zwv
Котлеты из судака с овощами,https://cooklikemary.ru//recipe/ryba/kotlety-iz-sudaka-s-ovoshchami,https://cooklikemary.ru/sites/default/files/styles/width_255_height_381/public/img_5000_0.jpg?itok=DdKbYVPj
Шарлотка с абрикосами,https://cooklikemary.ru//recipe/pirogi/sharlotka-s-abrikosami,https://cooklikemary.ru/sites/default/files/styles/width_255_height_381/public/img_8815-2.jpg?itok=LuBkcnTh
"Дорада, запечённая в сливочно-сырном соусе с помидорами",https://cooklikemary.ru//recipe/ryba/dorada-zapechyonnaya-v-slivochno-syrnom-souse-s-pomidorami,https://cooklikemary.ru/sites/default/files/styles/width_255_height_381/public/img_8944-4.jpg?itok=dm-5pQ4O
Торт с персиками и творожно-сливочным кремом,https://cooklikemary.ru//recipe/desert-i-vypechka/tort-s-persikami-i-tvorozhno-slivochnym-kremom,https://cooklikemary.ru/sites/default/files/styles/width_255_height_381/public/img_8933.jpg?itok=NPQb9CW1
Идеальное безе,https://cooklikemary.ru//recipe/desert-i-vypechka/idealnoe-beze,https://cooklikemary.ru/sites/default/files/styles/width_255_height_381/public/img_8859_0.jpg?itok=XOfuYM9D
Творожная запеканка с персиками,https://cooklikemary.ru//recipe/desert-i-vypechka/tvorozhnaya-zapekanka-s-persikami,https://cooklikemary.ru/sites/default/files/styles/width_255_height_381/public/img_8799.jpg?itok=Qbm9VCCt
Битые огурцы,https://cooklikemary.ru//recipe/zakuska/bitye-ogurcy,https://cooklikemary.ru/sites/default/files/styles/width_255_height_381/public/img_8756.jpg?itok=8Aw8elsn
Утиная грудка в азиатском стиле,https://cooklikemary.ru//recipe/ptica/utinaya-grudka-v-aziatskom-stile,https://cooklikemary.ru/sites/default/files/styles/width_255_height_381/public/img_8769.jpg?itok=HEerxkcd
"Вишневый пирог из сериала ""Твин Пикс""",https://cooklikemary.ru//recipe/desert-i-vypechka/vishnevyy-pirog-iz-seriala-tvin-piks,https://cooklikemary.ru/sites/default/files/styles/width_255_height_381/public/img_8704.jpg?itok=bjwOhFsN
"Пирог с вишней, черешней и миндальным кремом",https://cooklikemary.ru//recipe/pirogi/sladkiy-pirog/pirog-s-vishney-chereshney-i-mindalnym-kremom,https://cooklikemary.ru/sites/default/files/styles/width_255_height_381/public/img_8665.jpg?itok=ndh_wKWW
Шурпа в облегченной версии,https://cooklikemary.ru//recipe/sup/shurpa-v-oblegchennoy-versii,https://cooklikemary.ru/sites/default/files/styles/width_255_height_381/public/fullsizerender-16-07-19-15-37-2_0.jpg?itok=Alyzb8y4
Меренгово-фисташковый рулет с малиной,https://cooklikemary.ru//recipe/desert-i-vypechka/merengovo-fistashkovyy-rulet-s-malinoy,https://cooklikemary.ru/sites/default/files/styles/width_255_height_381/public/img_8630_2.jpg?itok=gqcwM-LC
"Тарталетки с маскарпоне, белым шоколадом и ноткой апельсина",https://cooklikemary.ru//recipe/desert-i-vypechka/torty-pirozhnye/tartaletki-s-maskarpone-belym-shokoladom-i-notkoy-apelsina,https://cooklikemary.ru/sites/default/files/styles/width_255_height_381/public/img_8549.jpg?itok=c6IyohIW
"Салат с крабом, тайским манго, авокадо, бакинскими помидорами и чипсами нори",https://cooklikemary.ru//recipe/salat/salat-s-krabom-tayskim-mango-avokado-bakinskimi-pomidorami-i-chipsami-nori,https://cooklikemary.ru/sites/default/files/styles/width_255_height_381/public/lrm_export_2315027949219_20190703_204849074.jpeg?itok=Z2NkRaOc
Пирог с ревенем и клубникой,https://cooklikemary.ru//recipe/pirogi/pirog-s-revenem-i-klubnikoy,https://cooklikemary.ru/sites/default/files/styles/width_255_height_381/public/img_8508.jpg?itok=JMDm3Prl
"Куриные голени, запеченные с чиабаттой (багетом), черри, маслинами и беконом",https://cooklikemary.ru//recipe/ptica/kurica/kurinye-goleni-zapechennye-s-chiabattoy-bagetom-cherri-maslinami-i-bekonom,https://cooklikemary.ru/sites/default/files/styles/width_255_height_381/public/img_8461-2.jpg?itok=tR_0NtYc
Окрошка на квасе,https://cooklikemary.ru//recipe/sup/okroshka-na-kvase,https://cooklikemary.ru/sites/default/files/styles/width_255_height_381/public/bez_imeni_1_iz_1-191_0.jpg?itok=hTGddAMs
"Сэндвич с яйцом-пашот, куриным наггетсом и авокадо",https://cooklikemary.ru//recipe/ptica/kurica/sendvich-s-yaycom-pashot-kurinym-naggetsom-i-avokado,https://cooklikemary.ru/sites/default/files/styles/width_255_height_381/public/img_8329_0.jpg?itok=eJWcpiyN
Голландский соус (соус голландез),https://cooklikemary.ru//recipe/sousy/gollandskiy-sous-sous-gollandez,https://cooklikemary.ru/sites/default/files/styles/width_255_height_381/public/img_8309_1.jpg?itok=GgQSwqtT
Классический салат Цезарь,https://cooklikemary.ru//recipe/salat/klassicheskiy-salat-cezar,https://cooklikemary.ru/sites/default/files/styles/width_255_height_381/public/shashlyk-1-3_0.jpg?itok=NXmWOgp5
Тарталетки с сезонными ягодами (земляника и клубника),https://cooklikemary.ru//recipe/desert-i-vypechka/torty-pirozhnye/tartaletki-s-sezonnymi-yagodami-zemlyanika-i-klubnika,https://cooklikemary.ru/sites/default/files/styles/width_255_height_381/public/img_7863-18-07-17-20-05.jpg?itok=ymYrO6Z3
Шашлык из свинины с соевым соусом и имбирем,https://cooklikemary.ru//recipe/myaso/shashlyk-iz-svininy-s-soevym-sousom-i-imbirem,https://cooklikemary.ru/sites/default/files/styles/width_255_height_381/public/shashlyk-1-4.jpg?itok=pfWyjCNS
Тарт с клубникой и заварным кремом,https://cooklikemary.ru//recipe/desert-i-vypechka/tart-s-klubnikoy-i-zavarnym-kremom,https://cooklikemary.ru/sites/default/files/styles/width_255_height_381/public/img_20190522_135158.jpg?itok=5ce-jnxP
Творожная пасха с вареной сгущенкой и курагой,https://cooklikemary.ru//recipe/tvorog/pasha-s-varenoy-sgushchenkoy-i-kuragoy,https://cooklikemary.ru/sites/default/files/styles/width_255_height_381/public/img_4935-2.jpg?itok=gFyVLw5i
Мясо по-французски,https://cooklikemary.ru//recipe/myaso/myaso-po-francuzski,https://cooklikemary.ru/sites/default/files/styles/width_255_height_381/public/img_4893.jpg?itok=ImMGrKDj
Кокосовый кулич,https://cooklikemary.ru//recipe/desert-i-vypechka/keks-maffiny-kulich/kokosovyy-kulich,https://cooklikemary.ru/sites/default/files/styles/width_255_height_381/public/img_4854-2.jpg?itok=3AVm7Cb0
Цыпленок табака (тапака) в сливочно-аджичном соусе,https://cooklikemary.ru//recipe/ptica/kurica/cyplenok-tabaka-tapaka-v-slivochno-adzhichnom-souse,https://cooklikemary.ru/sites/default/files/styles/width_255_height_381/public/img_4659-2.jpg?itok=SHxT44wT
Пирог с судаком,https://cooklikemary.ru//recipe/pirogi/nesladkiy-pirog/pirog-s-sudakom,https://cooklikemary.ru/sites/default/files/styles/width_255_height_381/public/img_4333_0.jpg?itok=1Ns0acCM
"Творожная пасха с ванилью, цукатами и миндалем",https://cooklikemary.ru//recipe/tvorog/tvorozhnaya-pasha-s-vanilyu-cukatami-i-mindalem,https://cooklikemary.ru/sites/default/files/styles/width_255_height_381/public/2017-03-30_14-10-04.jpg?itok=xan-1xKo
Спагетти вонголе,https://cooklikemary.ru//recipe/pastakrupa/spagetti-vongole,https://cooklikemary.ru/sites/default/files/styles/width_255_height_381/public/img_4155.jpg?itok=Iq8ZWPna
Ростбиф,https://cooklikemary.ru//recipe/myaso/rostbif,https://cooklikemary.ru/sites/default/files/styles/width_255_height_381/public/img_3710.jpg?itok=S9by6af7
Блинный торт,https://cooklikemary.ru//recipe/desert-i-vypechka/torty-pirozhnye/blinnyy-tort,https://cooklikemary.ru/sites/default/files/styles/width_255_height_381/public/img_4413.jpg?itok=8L_m6NGE
Ажурные блинчики,https://cooklikemary.ru//recipe/bliny-oladi-syrniki/azhurnye-blinchiki,https://cooklikemary.ru/sites/default/files/styles/width_255_height_381/public/img_4227-4.jpg?itok=zQf_0Qtu
Голландские блинчики,https://cooklikemary.ru//recipe/bliny-oladi-syrniki/gollandskie-blinchiki-0,https://cooklikemary.ru/sites/default/files/styles/width_255_height_381/public/img_4110_2.jpg?itok=IHP46yZg
Бефстроганов из печени,https://cooklikemary.ru//recipe/myaso/befstroganov-iz-pecheni,https://cooklikemary.ru/sites/default/files/styles/width_255_height_381/public/img_4038.jpg?itok=i9ERW_kj
Курица с имбирем в соево-медовом соусе,https://cooklikemary.ru//recipe/ptica/kurica/kurica-s-imbirem-v-soevo-medovom-souse,https://cooklikemary.ru/sites/default/files/styles/width_255_height_381/public/img_4075-2.jpg?itok=7UJFQXHd
Тыквенный крем-суп,https://cooklikemary.ru//recipe/sup/tykvennyy-krem-sup-0,https://cooklikemary.ru/sites/default/files/styles/width_255_height_381/public/img_5609-11-02-19-12-45-eto_moe.jpg?itok=mFRP0yf5
Ржано-пшеничный хлеб с тыквенными семечками,https://cooklikemary.ru//recipe/hleb/rzhano-pshenichnyy-hleb-s-tykvennymi-semechkami,https://cooklikemary.ru/sites/default/files/styles/width_255_height_381/public/img_3803.jpg?itok=CVxp8Dms
"Пирог с курицей, овощами и сыром",https://cooklikemary.ru//recipe/pirogi/pirog-s-kuricey-ovoshchami-i-syrom,https://cooklikemary.ru/sites/default/files/styles/width_255_height_381/public/img_3924.jpg?itok=ks__R2Fn
Котлеты из курицы со шпинатом и морковью,https://cooklikemary.ru//recipe/ptica/kotlety-iz-kuricy-so-shpinatom-i-morkovyu,https://cooklikemary.ru/sites/default/files/styles/width_255_height_381/public/img_3897_0.jpg?itok=6DYQvurp
Лимонный пирог,https://cooklikemary.ru//recipe/pirogi/limonnyy-pirog,https://cooklikemary.ru/sites/default/files/styles/width_255_height_381/public/img_3855-2.jpg?itok=LznMtkn_
Кролик в сметанно-горчичном соусе,https://cooklikemary.ru//recipe/myaso/krolik-v-smetanno-gorchichnom-souse,https://cooklikemary.ru/sites/default/files/styles/width_255_height_381/public/img_3768_4.jpg?itok=ejhV_Y1r
Фрикадельки в сливочном соусе,https://cooklikemary.ru//recipe/myaso/frikadelki-v-slivochnom-souse,https://cooklikemary.ru/sites/default/files/styles/width_255_height_381/public/img_2849-2_0.jpg?itok=yJFvScIz
Манты с бараниной и тыквой,https://cooklikemary.ru//recipe/myaso/baranina/manty-s-baraninoy-i-tykvoy,https://cooklikemary.ru/sites/default/files/styles/width_255_height_381/public/img_3622.jpg?itok=0aPJvqPI
"Тарт со сливками, маскарпоне и клубникой",https://cooklikemary.ru//recipe/desert-i-vypechka/tart-so-slivkami-maskarpone-i-klubnikoy,https://cooklikemary.ru/sites/default/files/styles/width_255_height_381/public/img_3468-2.jpg?itok=KQB284Om
Хрустящий штрудель с креветками и рыбой,https://cooklikemary.ru//recipe/ryba/hrustyashchiy-shtrudel-s-krevetkami-i-ryboy,https://cooklikemary.ru/sites/default/files/styles/width_255_height_381/public/img_3415.jpg?itok=_c0HMbjl
Фаршированные перцы с булгуром,https://cooklikemary.ru//recipe/myaso/svinina/farshirovannye-percy-s-bulgurom,https://cooklikemary.ru/sites/default/files/styles/width_255_height_381/public/img_3189.jpg?itok=WaJLWhWm
Рождественское полено,https://cooklikemary.ru//recipe/desert-i-vypechka/torty-pirozhnye/rozhdestvenskoe-poleno,https://cooklikemary.ru/sites/default/files/styles/width_255_height_381/public/img_3345_2.jpg?itok=1cpEStEP
Гугельхупф,https://cooklikemary.ru//recipe/desert-i-vypechka/gugelhupf,https://cooklikemary.ru/sites/default/files/styles/width_255_height_381/public/img_3139-2.jpg?itok=gobakiO3
Корейка ягненка с фисташками и горчицей,https://cooklikemary.ru//recipe/myaso/koreyka-yagnenka-s-fistashkami-i-gorchicey,https://cooklikemary.ru/sites/default/files/styles/width_255_height_381/public/img_3131_2.jpg?itok=rrSijraG
Имбирное печенье с какао,https://cooklikemary.ru//recipe/desert-i-vypechka/pechene/imbirnoe-pechene,https://cooklikemary.ru/sites/default/files/styles/width_255_height_381/public/img_5113-07-12-17-22-36.jpg?itok=L_XCA8TB
Рождественский кекс с сухофруктами и орехами,https://cooklikemary.ru//recipe/desert-i-vypechka/keks-maffiny-kulich/rozhdestvenskiy-keks-s-suhofruktami-i-orehami,https://cooklikemary.ru/sites/default/files/styles/width_255_height_381/public/bez_imeni_1_iz_1-282.jpg?itok=ZEHmDe_y
Штоллен с марципаном,https://cooklikemary.ru//recipe/desert-i-vypechka/keks-maffiny-kulich/shtollen-s-marcipanom,https://cooklikemary.ru/sites/default/files/styles/width_255_height_381/public/bez_imeni_1_iz_1-358.jpg?itok=NgApDBF-
Яблочный пирог со сливочной карамелью,https://cooklikemary.ru//recipe/desert-i-vypechka/yablochnyy-pirog-so-slivochnoy-karamelyu,https://cooklikemary.ru/sites/default/files/styles/width_255_height_381/public/img_2856.jpg?itok=Y5mht9ZF
Печенье с кусочками шоколада,https://cooklikemary.ru//recipe/desert-i-vypechka/pechene/pechene-s-kusochkami-shokolada,https://cooklikemary.ru/sites/default/files/styles/width_255_height_381/public/img_3033-2.jpg?itok=fFSa-jZW
Пирог с кроликом и грибами,https://cooklikemary.ru//recipe/pirogi/nesladkiy-pirog/pirog-s-krolikom-i-gribami,https://cooklikemary.ru/sites/default/files/styles/width_255_height_381/public/img_2360-2_0.jpg?itok=ml9L4vsf
Палтус в азиатском соусе,https://cooklikemary.ru//recipe/ryba/paltus-v-aziatskom-souse,https://cooklikemary.ru/sites/default/files/styles/width_255_height_381/public/img_1553-16-11-18-14-42_-_kopiya-eto_moe.jpg?itok=ZyfNYlDd
Пицца 4 сыра с трюфельным маслом,https://cooklikemary.ru//recipe/picca/picca-4-syra-s-tryufelnym-maslom,https://cooklikemary.ru/sites/default/files/styles/width_255_height_381/public/img_2900.jpg?itok=SCvb7aGv
Шарлотка,https://cooklikemary.ru//recipe/desert-i-vypechka/sharlotka,https://cooklikemary.ru/sites/default/files/styles/width_255_height_381/public/img_2965-2.jpg?itok=iji3Mcae
Карбонара,https://cooklikemary.ru//recipe/pastakrupa/karbonara,https://cooklikemary.ru/sites/default/files/styles/width_255_height_381/public/img_1357_0.jpg?itok=wzRhSfUD
Творожная запеканка с курагой,https://cooklikemary.ru//recipe/desert-i-vypechka/tvorozhnaya-zapekanka-s-kuragoy,https://cooklikemary.ru/sites/default/files/styles/width_255_height_381/public/img_2562-2_0.jpg?itok=ez74rAWJ
Запеченный цыпленок с картофелем и тыквой,https://cooklikemary.ru//recipe/ptica/zapechennyy-cyplenok-s-kartofelem-i-tykvoy,https://cooklikemary.ru/sites/default/files/styles/width_255_height_381/public/img_0893-02-11-18-18-32-eto_moe-2.jpg?itok=7VajGbT0
Творожный тарт,https://cooklikemary.ru//recipe/pirogi/tvorozhnyy-tart,https://cooklikemary.ru/sites/default/files/styles/width_255_height_381/public/img_2789_0.jpg?itok=IkDWHro5
"Цыпленок, маринованный в аджике",https://cooklikemary.ru//recipe/ptica/cyplenok-marinovannyy-v-adzhike,https://cooklikemary.ru/sites/default/files/styles/width_255_height_381/public/img_2646-3.jpg?itok=8itwfBl7
Шоколадный торт по рецепту моей бабушки,https://cooklikemary.ru//recipe/desert-i-vypechka/torty-pirozhnye/shokoladnyy-tort-po-receptu-moey-babushki,https://cooklikemary.ru/sites/default/files/styles/width_255_height_381/public/2016-08-25_07-43-45-eto_moe-2.jpg?itok=hQ2wEibT
Овсяное печенье,https://cooklikemary.ru//recipe/desert-i-vypechka/pechene/ovsyanoe-pechene,https://cooklikemary.ru/sites/default/files/styles/width_255_height_381/public/img_2485.jpg?itok=EB8Ho6IK
Плов с булгуром и курицей,https://cooklikemary.ru//recipe/ptica/kurica/plov-s-bulgurom-i-kuricey,https://cooklikemary.ru/sites/default/files/styles/width_255_height_381/public/img_2294-3_0.jpg?itok=2ULm9nCZ
Пирог со сливами и яблоками,https://cooklikemary.ru//recipe/pirogi/pirog-so-slivami-i-yablokami,https://cooklikemary.ru/sites/default/files/styles/width_255_height_381/public/img_2543_2_0.jpg?itok=7ngrt14M
Пицца Маргарита,https://cooklikemary.ru//recipe/picca/picca-margarita,https://cooklikemary.ru/sites/default/files/styles/width_255_height_381/public/img_2232-3.jpg?itok=vT2nYtTa
Пышные оладьи с яблоками и корицей,https://cooklikemary.ru//recipe/bliny-oladi-syrniki/pyshnye-oladi-s-yablokami-i-koricey,https://cooklikemary.ru/sites/default/files/styles/width_255_height_381/public/img_2412-2_0.jpg?itok=Jd2p0gtM
Песочное печенье,https://cooklikemary.ru//recipe/desert-i-vypechka/pechene/pesochnoe-pechene,https://cooklikemary.ru/sites/default/files/styles/width_255_height_381/public/img_2099-3.jpg?itok=O4fTKjtN
Тыквенный пирог,https://cooklikemary.ru//recipe/pirogi/tykvennyy-pirog,https://cooklikemary.ru/sites/default/files/styles/width_255_height_381/public/img_2117_0.jpg?itok=w-YM0DYf
Тыквенный крем-суп с кокосовыми сливками,https://cooklikemary.ru//recipe/sup/tykvennyy-krem-sup-s-kokosovymi-slivkami,https://cooklikemary.ru/sites/default/files/styles/width_255_height_381/public/img_1949-2.jpg?itok=282zk1xX
Яблочный пирог со сметанной заливкой,https://cooklikemary.ru//recipe/pirogi/sladkiy-pirog/yablochnyy-pirog-so-smetannoy-zalivkoy,https://cooklikemary.ru/sites/default/files/styles/width_255_height_381/public/img_1904-3.jpg?itok=BM_p828d
Фаршированные круглые цукини (кабачки),https://cooklikemary.ru//recipe/ptica/kurica/farshirovannye-kruglye-cukini-kabachki,https://cooklikemary.ru/sites/default/files/styles/width_255_height_381/public/img_1883-2.jpg?itok=hEai8HWL
Персиковый пирог с миндалем,https://cooklikemary.ru//recipe/desert-i-vypechka/persikovyy-pirog-s-mindalem,https://cooklikemary.ru/sites/default/files/styles/width_255_height_381/public/img_1749-2.jpg?itok=YYJplr4b
Жаркое из говяжьего огузка,https://cooklikemary.ru//recipe/myaso/govyadina/zharkoe-iz-govyazhego-oguzka,https://cooklikemary.ru/sites/default/files/styles/width_255_height_381/public/img_1649_2.jpg?itok=c1fjw3yb
"Блинчики с яблоками, орехами и корицей",https://cooklikemary.ru//recipe/bliny-oladi-syrniki/blinchiki-s-yablokami-orehami-i-koricey,https://cooklikemary.ru/sites/default/files/styles/width_255_height_381/public/img_16781.jpg?itok=oXHl7Ppx
Запечённые овощи с чиабаттой и маслинами,https://cooklikemary.ru//recipe/ovoshchi/zapechyonnye-ovoshchi-s-chiabattoy-i-maslinami,https://cooklikemary.ru/sites/default/files/styles/width_255_height_381/public/img_5392-15-08-18-18-38-3.jpg?itok=rTz_ySmO
Заварное кольцо с творожным кремом,https://cooklikemary.ru//recipe/desert-i-vypechka/torty-pirozhnye/zavarnoe-kolco-s-tvorozhnym-kremom,https://cooklikemary.ru/sites/default/files/styles/width_255_height_381/public/img_1620-2.jpg?itok=yRC-PtJQ
Запечённое филе трески с авокадо и креветками,https://cooklikemary.ru//recipe/ryba/zapechyonnoe-file-treski-s-avokado-i-krevetkami,https://cooklikemary.ru/sites/default/files/styles/width_255_height_381/public/img_1505-2.jpg?itok=HhwblJyS
Галета с творогом и сезонными фруктами,https://cooklikemary.ru//recipe/pirogi/sladkiy-pirog/galeta-s-tvorogom-i-sezonnymi-fruktami,https://cooklikemary.ru/sites/default/files/styles/width_255_height_381/public/img_1321.jpg?itok=uK7-CrIY
Капоната с запечёнными баклажанами,https://cooklikemary.ru//recipe/zakuska/kaponata-s-zapechyonnymi-baklazhanami,https://cooklikemary.ru/sites/default/files/styles/width_255_height_381/public/img_1582-2.jpg?itok=W3_mwuy9
Бефстроганов с лисичками,https://cooklikemary.ru//recipe/myaso/befstroganov-s-lisichkami,https://cooklikemary.ru/sites/default/files/styles/width_255_height_381/public/img_1449_0.jpg?itok=M4SITSFp
Павлова с кокосовым кремом и маракуйей,https://cooklikemary.ru//recipe/desert-i-vypechka/torty-pirozhnye/pavlova-s-kokosovym-kremom-i-marakuyey,https://cooklikemary.ru/sites/default/files/styles/width_255_height_381/public/img_1486-2.jpg?itok=bPnD3vBK
Пюре из цветной капусты и пармезана,https://cooklikemary.ru//recipe/garnir/pyure-iz-cvetnoy-kapusty-i-parmezana,https://cooklikemary.ru/sites/default/files/styles/width_255_height_381/public/img_0515-3_1.jpg?itok=-wZos_Gq
"Грудка индейки, фаршированная моцареллой и помидорами",https://cooklikemary.ru//recipe/ptica/indeyka/grudka-indeyki-farshirovannaya-mocarelloy-i-pomidorami,https://cooklikemary.ru/sites/default/files/styles/width_255_height_381/public/img_1270_0.jpg?itok=IeQw2LA7
Тёплый салат с жареными лисичками и соусом из голубого сыра,https://cooklikemary.ru//recipe/salat/tyoplyy-salat-s-zharenymi-lisichkami-i-sousom-iz-golubogo-syra,https://cooklikemary.ru/sites/default/files/styles/width_255_height_381/public/img_1402-2.jpg?itok=oUI4gx3u
Спагетти с морепродуктами под соусом мариньер,https://cooklikemary.ru//recipe/pastakrupa/spagetti-s-moreproduktami-pod-sousom-mariner,https://cooklikemary.ru/sites/default/files/styles/width_255_height_381/public/img_1013-2.jpg?itok=YIAzibSz
Пирог с рикоттой и нектаринами,https://cooklikemary.ru//recipe/pirogi/sladkiy-pirog/pirog-s-rikottoy-i-nektarinami,https://cooklikemary.ru/sites/default/files/styles/width_255_height_381/public/img_1205-3.jpg?itok=TPHMKQOo
Крем-суп из зеленого горошка,https://cooklikemary.ru//recipe/sup/krem-sup-iz-zelenogo-goroshka,https://cooklikemary.ru/sites/default/files/styles/width_255_height_381/public/img_0946.jpg?itok=6D2IrBzt
Пирог с вишней и белым шоколадом,https://cooklikemary.ru//recipe/pirogi/sladkiy-pirog/pirog-s-vishney-i-belym-shokoladom,https://cooklikemary.ru/sites/default/files/styles/width_255_height_381/public/img_1087.jpg?itok=v6Zy8mC-
"Салат с инжиром, бурратой и пармской ветчиной",https://cooklikemary.ru//recipe/salat/salat-s-inzhirom-burratoy-i-parmskoy-vetchinoy,https://cooklikemary.ru/sites/default/files/styles/width_255_height_381/public/img_0968.jpg?itok=wr9wOwa8
Котлеты из щуки с кабачком,https://cooklikemary.ru//recipe/ryba/kotlety-iz-shchuki-s-kabachkom,https://cooklikemary.ru/sites/default/files/styles/width_255_height_381/public/img_0515-3_0.jpg?itok=Kg73JUuo
Закуска из шампиньонов и баклажанов с крем-чизом,https://cooklikemary.ru//recipe/zakuska/zakuska-iz-shampinonov-i-baklazhanov-s-krem-chizom,https://cooklikemary.ru/sites/default/files/styles/width_255_height_381/public/img_0895-6.jpg?itok=l9J8qOCj
"Торт ""Черный лес""",https://cooklikemary.ru//recipe/desert-i-vypechka/torty-pirozhnye/tort-chernyy-les,https://cooklikemary.ru/sites/default/files/styles/width_255_height_381/public/img_0776.jpg?itok=Hzt3OVtm
Пирог с крыжовником,https://cooklikemary.ru//recipe/pirogi/sladkiy-pirog/pirog-s-kryzhovnikom,https://cooklikemary.ru/sites/default/files/styles/width_255_height_381/public/img_0675-2.jpg?itok=GHR6DEGe
Шашлык из свинины с маринованным луком,https://cooklikemary.ru//recipe/myaso/svinina/shashlyk-iz-svininy-s-marinovannym-lukom,https://cooklikemary.ru/sites/default/files/styles/width_255_height_381/public/img_0363_2.jpg?itok=5vqRmAkI
Творожный пирог с малиной,https://cooklikemary.ru//recipe/pirogi/sladkiy-pirog/tvorozhnyy-pirog-s-malinoy,https://cooklikemary.ru/sites/default/files/styles/width_255_height_381/public/img_0637-2.jpg?itok=0GBVhwVV
"Курица ""а-ля Романо""",https://cooklikemary.ru//recipe/ptica/kurica/kurica-lya-romano,https://cooklikemary.ru/sites/default/files/styles/width_255_height_381/public/img_0447_0.jpg?itok=dvt8FzX9
Белая рыба в кокосовом молоке,https://cooklikemary.ru//recipe/ryba/belaya-ryba-v-kokosovom-moloke,https://cooklikemary.ru/sites/default/files/styles/width_255_height_381/public/img_0264.jpg?itok=l32GttsI
Панкейки с рикоттой,https://cooklikemary.ru//recipe/bliny-oladi-syrniki/pankeyki-s-rikottoy,https://cooklikemary.ru/sites/default/files/styles/width_255_height_381/public/img_0475-2.jpg?itok=sNL_ezEH
Шашлык из корейки баранины с гранатовым соусом,https://cooklikemary.ru//recipe/myaso/baranina/shashlyk-iz-koreyki-baraniny-s-granatovym-sousom,https://cooklikemary.ru/sites/default/files/styles/width_255_height_381/public/img_0349.jpg?itok=J9QhTFzd
Галета с франжипаном и клубникой,https://cooklikemary.ru//recipe/pirogi/sladkiy-pirog/galeta-s-franzhipanom-i-klubnikoy,https://cooklikemary.ru/sites/default/files/styles/width_255_height_381/public/bez_imeni_1_iz_1-31_4.jpg?itok=hCbYcIpO
Перепела с беконом и начинкой из грибов и моркови,https://cooklikemary.ru//recipe/ptica/perepela-s-bekonom-i-nachinkoy-iz-gribov-i-morkovi,https://cooklikemary.ru/sites/default/files/styles/width_255_height_381/public/bez_imeni_1_iz_1-190_0.jpg?itok=nMmukreb
Сырный крекер с базиликом,https://cooklikemary.ru//recipe/zakuska/syrnyy-kreker-s-bazilikom,https://cooklikemary.ru/sites/default/files/styles/width_255_height_381/public/bez_imeni_1_iz_1-202_1.jpg?itok=7mcyDEnU
Овощной шашлык,https://cooklikemary.ru//recipe/ovoshchi/ovoshchnoy-shashlyk,https://cooklikemary.ru/sites/default/files/styles/width_255_height_381/public/bez_imeni_1_iz_1-200_0.jpg?itok=f8_LQZH7
Салат с маринованными кальмарами,https://cooklikemary.ru//recipe/salat/salat-s-marinovannymi-kalmarami,https://cooklikemary.ru/sites/default/files/styles/width_255_height_381/public/bez_imeni_1_iz_1-188.jpg?itok=gDqnoluM
Сочники,https://cooklikemary.ru//recipe/tvorog/sochniki,https://cooklikemary.ru/sites/default/files/styles/width_255_height_381/public/bez_imeni_1_iz_1-181_0.jpg?itok=MAEnUrod
Котлеты из двух видов рыб,https://cooklikemary.ru//recipe/ryba/kotlety-iz-dvuh-vidov-ryb,https://cooklikemary.ru/sites/default/files/styles/width_255_height_381/public/bez_imeni_1_iz_1-154_2.jpg?itok=89DAIBGm
Песочное тесто,https://cooklikemary.ru//recipe/pirogi/pesochnoe-testo,https://cooklikemary.ru/sites/default/files/styles/width_255_height_381/public/pirog-iz-pesochnogo-testa.jpg?itok=l0y75TE0
Тарт с заварным кремом и ягодами (шелковицей),https://cooklikemary.ru//recipe/pirogi/sladkiy-pirog/tart-s-zavarnym-kremom-i-yagodami-shelkovicey,https://cooklikemary.ru/sites/default/files/styles/width_255_height_381/public/bez_imeni_1_iz_1-169.jpg?itok=YPkhva2A
Заварной крем Патисьер,https://cooklikemary.ru//recipe/sousy/krem-patiser,https://cooklikemary.ru/sites/default/files/styles/width_255_height_381/public/77afoficonmyc.jpg?itok=GK-1iY2T
Фаршированные кальмары,https://cooklikemary.ru//recipe/moreprodukty/farshirovannye-kalmary,https://cooklikemary.ru/sites/default/files/styles/width_255_height_381/public/bez_imeni_1_iz_1-147_1.jpg?itok=OVWlcz0d
Тирамису,https://cooklikemary.ru//recipe/desert-i-vypechka/torty-pirozhnye/tiramisu,https://cooklikemary.ru/sites/default/files/styles/width_255_height_381/public/img_3546_2.jpg?itok=fpUCsMgA
Лазанья,https://cooklikemary.ru//recipe/myaso/govyadina/lazanya,https://cooklikemary.ru/sites/default/files/styles/width_255_height_381/public/bez_imeni_1_iz_1-131_2.jpg?itok=obAcUDy7
Рамен,https://cooklikemary.ru//recipe/sup/ramen,https://cooklikemary.ru/sites/default/files/styles/width_255_height_381/public/bez_imeni_1_iz_1-112_1.jpg?itok=cUP4aZ5L
Рыба под маринадом,https://cooklikemary.ru//recipe/ryba/ryba-pod-marinadom,https://cooklikemary.ru/sites/default/files/styles/width_255_height_381/public/bez_imeni_1_iz_1-99_2.jpg?itok=kX7mr3ps
Идеальная творожная запеканка,https://cooklikemary.ru//recipe/tvorog/idealnaya-tvorozhnaya-zapekanka,https://cooklikemary.ru/sites/default/files/styles/width_255_height_381/public/bez_imeni_1_iz_1-81_1.jpg?itok=2Casy6DQ
Лапша по-азиатски с морепродуктами,https://cooklikemary.ru//recipe/moreprodukty/lapsha-po-aziatski-s-moreproduktami,https://cooklikemary.ru/sites/default/files/styles/width_255_height_381/public/bez_imeni_1_iz_1-58_0.jpg?itok=HYu1Mkyn
Сицилийские канноли,https://cooklikemary.ru//recipe/desert-i-vypechka/torty-pirozhnye/siciliyskie-kannoli,https://cooklikemary.ru/sites/default/files/styles/width_255_height_381/public/bez_imeni_1_iz_1-75_0.jpg?itok=QCPyo9hw
Тарт с грушей и голубым сыром,https://cooklikemary.ru//recipe/pirogi/nesladkiy-pirog/tart-s-grushey-i-golubym-syrom,https://cooklikemary.ru/sites/default/files/styles/width_255_height_381/public/bez_imeni_1_iz_1-48_1.jpg?itok=MUgPrVXU
Баранина с репой,https://cooklikemary.ru//recipe/myaso/baranina/baranina-s-repoy,https://cooklikemary.ru/sites/default/files/styles/width_255_height_381/public/bez_imeni_1_iz_1-104_0.jpg?itok=hLqcOPmz
Пасха с кокосовой стружкой и шоколадом,https://cooklikemary.ru//recipe/tvorog/pasha-s-kokosovoy-struzhkoy-i-shokoladom,https://cooklikemary.ru/sites/default/files/styles/width_255_height_381/public/img_8725.jpg?itok=oXLXz02P
Бородинский хлеб на закваске,https://cooklikemary.ru//basics/borodinskiy-hleb-na-zakvaske,https://cooklikemary.ru/sites/default/files/styles/width_255_height_381/public/borodinskiyhleb11_0.jpg?itok=OTHQI7Ib
Паста с баклажанами и рикоттой,https://cooklikemary.ru//recipe/pastakrupa/pasta-s-baklazhanami-i-rikottoy,https://cooklikemary.ru/sites/default/files/styles/width_255_height_381/public/bez_imeni_1_iz_1-12_2.jpg?itok=MkHPPVRo
"Бездрожжевой кулич с шафраном, вяленой вишней и клюквой",https://cooklikemary.ru//recipe/desert-i-vypechka/keks-maffiny-kulich/bezdrozhzhevoy-kulich,https://cooklikemary.ru/sites/default/files/styles/width_255_height_381/public/img_8179.jpg?itok=GbMDSKUn
Лимонный пирог со сливками и белым шоколадом,https://cooklikemary.ru//recipe/pirogi/sladkiy-pirog/limonnyy-pirog-so-slivkami-i-belym-shokoladom,https://cooklikemary.ru/sites/default/files/styles/width_255_height_381/public/bez_imeni_1_iz_1-118_2.jpg?itok=pDh_tFDv
Кокосовые сырники,https://cooklikemary.ru//recipe/bliny-oladi-syrniki/kokosovye-syrniki,https://cooklikemary.ru/sites/default/files/styles/width_255_height_381/public/bez_imeni_1_iz_1-2_3.jpg?itok=4GS0wLZT
Феттучини с креветками и спаржей,https://cooklikemary.ru//recipe/pastakrupa/fettuchini-s-krevetkami-i-sparzhey,https://cooklikemary.ru/sites/default/files/styles/width_255_height_381/public/bez_imeni_1_iz_1-93_1.jpg?itok=BruoIbGQ
Французский пирог Киш Лорен с беконом,https://cooklikemary.ru//recipe/pirogi/nesladkiy-pirog/francuzskiy-pirog-kish-loren,https://cooklikemary.ru/sites/default/files/styles/width_255_height_381/public/bez_imeni_1_iz_1-77_1.jpg?itok=ioqjD554
Тесто для кексов,https://cooklikemary.ru//recipe/desert-i-vypechka/keks-maffiny-kulich/testo-dlya-keksov,https://cooklikemary.ru/sites/default/files/styles/width_255_height_381/public/keksovoe-testo.jpg?itok=Vb-7AYE2
Пирог с ягодами из бездрожжевого теста,https://cooklikemary.ru//recipe/pirogi/sladkiy-pirog/pirog-s-yagodami,https://cooklikemary.ru/sites/default/files/styles/width_255_height_381/public/bez_imeni_1_iz_1-56_2.jpg?itok=Y-Lw0VK6
Запечённый картофель с розмарином и чесноком,https://cooklikemary.ru//recipe/garnir/zapechyonnyy-kartofel,https://cooklikemary.ru/sites/default/files/styles/width_255_height_381/public/bez_imeni_1_iz_1-34_0.jpg?itok=_bG41joZ
Куриные крылышки в соусе барбекю,https://cooklikemary.ru//recipe/ptica/kurica/krylyshki-barbekyu,https://cooklikemary.ru/sites/default/files/styles/width_255_height_381/public/bez_imeni_1_iz_1-35_1.jpg?itok=90oKDJhc
Торт из безе со сгущенкой «Графские развалины»,https://cooklikemary.ru//recipe/desert-i-vypechka/torty-pirozhnye/tort-grafskie-razvaliny,https://cooklikemary.ru/sites/default/files/styles/width_255_height_381/public/bez_imeni_1_iz_1-22_0.jpg?itok=QMPYmneD
"Салат с куриной грудкой, грибами и болгарским перцем",https://cooklikemary.ru//recipe/salat/salat-s-kuricey-gribami-i-bolgarskim-percem,https://cooklikemary.ru/sites/default/files/styles/width_255_height_381/public/bez_imeni_1_iz_1-11_1.jpg?itok=C_lhPMqv
Баранина тушеная с томатами,https://cooklikemary.ru//recipe/myaso/baranina/baranina-v-tomatah,https://cooklikemary.ru/sites/default/files/styles/width_255_height_381/public/bez_imeni_1_iz_1-130_0.jpg?itok=bQNQ3xxp
Печёночный торт из шпинатных блинчиков,https://cooklikemary.ru//recipe/pirogi/nesladkiy-pirog/pechyonochnyy-tort-iz-shpinatnyh-blinchikov,https://cooklikemary.ru/sites/default/files/styles/width_255_height_381/public/bez_imeni_1_iz_1-20_2.jpg?itok=KyYyapNV
Шоколадные маффины с клубникой,https://cooklikemary.ru//recipe/desert-i-vypechka/keks-maffiny-kulich/shokoladnye-maffiny,https://cooklikemary.ru/sites/default/files/styles/width_255_height_381/public/bez_imeni_1_iz_1-154_0.jpg?itok=iU3tKTms
Пышные американские блинчики – панкейки,https://cooklikemary.ru//recipe/bliny-oladi-syrniki/amerikanskie-pankeyki,https://cooklikemary.ru/sites/default/files/styles/width_255_height_381/public/bez_imeni_1_iz_1-141_2.jpg?itok=dP9ectQf
Говядина в темном пиве,https://cooklikemary.ru//recipe/myaso/govyadina/govyadina-v-temnom-pive,https://cooklikemary.ru/sites/default/files/styles/width_255_height_381/public/bez_imeni_1_iz_1-128_0.jpg?itok=UI_hGNr-
Пюре из корня сельдерея,https://cooklikemary.ru//recipe/garnir/pyure-iz-kornya-seldereya,https://cooklikemary.ru/sites/default/files/styles/width_255_height_381/public/bez_imeni_1_iz_1-127_0.jpg?itok=cIiYP7EN
Голландские блинчики,https://cooklikemary.ru//recipe/bliny-oladi-syrniki/gollandskie-blinchiki,https://cooklikemary.ru/sites/default/files/styles/width_255_height_381/public/bez_imeni_1_iz_1-109_0.jpg?itok=Jur6Tnoe
Бездрожжевые пышные оладьи,https://cooklikemary.ru//recipe/bliny-oladi-syrniki/pyshnye-oladi,https://cooklikemary.ru/sites/default/files/styles/width_255_height_381/public/bez_imeni_1_iz_1-107.jpg?itok=jYUWEAQ0
Пшённая каша с мандариновым соком и карамельными бананами,https://cooklikemary.ru//recipe/kasha/pshyonnaya-kasha-s-mandarinovym-sokom-i-karamelnymi-bananami,https://cooklikemary.ru/sites/default/files/styles/width_255_height_381/public/bez_imeni_1_iz_1-99_0.jpg?itok=AVP7sTlE
Самые вкусные блинчики с мясом,https://cooklikemary.ru//recipe/myaso/svinina/samye-vkusnye-blinchiki-s-myasom,https://cooklikemary.ru/sites/default/files/styles/width_255_height_381/public/bez_imeni_1_iz_1-90_0.jpg?itok=Uc1QHINh
Простой пирог из песочного теста с вареньем,https://cooklikemary.ru//recipe/pirogi/sladkiy-pirog/pirog-iz-pesochnogo-testa-s-varenem,https://cooklikemary.ru/sites/default/files/styles/width_255_height_381/public/bez_imeni_1_iz_1-73.jpg?itok=tOVVDtrI
Салат с вёшенками и шпинатом,https://cooklikemary.ru//recipe/salat/salat-s-vyoshenkami-i-shpinatom,https://cooklikemary.ru/sites/default/files/styles/width_255_height_381/public/bez_imeni_1_iz_1-70.jpg?itok=6E0kxrjN
Пирог с рикоттой и шоколадом,https://cooklikemary.ru//recipe/pirogi/pirog-s-rikottoy,https://cooklikemary.ru/sites/default/files/styles/width_255_height_381/public/bez_imeni_1_iz_1-60.jpg?itok=gG0BwM2T
Пельмени,https://cooklikemary.ru//recipe/myaso/svinina/pelmeni,https://cooklikemary.ru/sites/default/files/styles/width_255_height_381/public/bez_imeni_1_iz_1-51_2.jpg?itok=CWEC0-f-
"Печенье сэндвич с шоколадом ""Дамский поцелуй""",https://cooklikemary.ru//recipe/desert-i-vypechka/pechene/pechene-sendvich-damskiy-poceluy,https://cooklikemary.ru/sites/default/files/styles/width_255_height_381/public/bez_imeni_1_iz_1-36.jpg?itok=xpYOF-hq
Итальянский яблочный пирог,https://cooklikemary.ru//recipe/pirogi/italyanskiy-yablochnyy-pirog,https://cooklikemary.ru/sites/default/files/styles/width_255_height_381/public/bez_imeni_1_iz_1-31_0.jpg?itok=3ybnvP_A
Итальянские митболы в томатном соусе,https://cooklikemary.ru//recipe/myaso/svinina/italyanskie-mitboly,https://cooklikemary.ru/sites/default/files/styles/width_255_height_381/public/bez_imeni_1_iz_1-21_0.jpg?itok=h1iFke_f
Финский ржаной хлеб,https://cooklikemary.ru//basics/finskiy-rzhanoy-hleb,https://cooklikemary.ru/sites/default/files/styles/width_255_height_381/public/finskiy6.jpg?itok=Y2FxOroY
Запеканка из цветной капусты,https://cooklikemary.ru//recipe/garnir/zapekanka-iz-cvetnoy-kapusty,https://cooklikemary.ru/sites/default/files/styles/width_255_height_381/public/bez_imeni_1_iz_1-2_0.jpg?itok=2Hy3Q7o-
Фрикасе из индейки с белыми грибами,https://cooklikemary.ru//recipe/ptica/indeyka/frikase-iz-indeyki-s-belymi-gribami,https://cooklikemary.ru/sites/default/files/styles/width_255_height_381/public/bez_imeni_1_iz_1-5_0.jpg?itok=OjvMbU97
Новогодний бисквитный торт с нежным кремом,https://cooklikemary.ru//recipe/desert-i-vypechka/torty-pirozhnye/novogodniy-tort,https://cooklikemary.ru/sites/default/files/styles/width_255_height_381/public/bez_imeni_1_iz_1-373.jpg?itok=AsSQ4H-B
Простое домашнее печенье на сливочном масле,https://cooklikemary.ru//recipe/desert-i-vypechka/pechene/prostoe-pechene,https://cooklikemary.ru/sites/default/files/styles/width_255_height_381/public/bez_imeni_1_iz_1-355.jpg?itok=vIc9oqjF
Холодец,https://cooklikemary.ru//recipe/myaso/govyadina/holodec,https://cooklikemary.ru/sites/default/files/styles/width_255_height_381/public/img_4585.jpg?itok=_-3ZbOrd
Цезарь с лёгкой заправкой,https://cooklikemary.ru//recipe/salat/cezar-s-lyogkoy-zapravkoy,https://cooklikemary.ru/sites/default/files/styles/width_255_height_381/public/bez_imeni_1_iz_1-348.jpg?itok=OvAG8Ik0
Слабосоленая форель,https://cooklikemary.ru//recipe/ryba/slabosolenaya-forel,https://cooklikemary.ru/sites/default/files/styles/width_255_height_381/public/bez_imeni_1_iz_1-339.jpg?itok=qWrz77jk
Утка по-пекински в домашних условиях,https://cooklikemary.ru//recipe/ptica/utka/utka-po-pekinski-v-domashnih-usloviyah,https://cooklikemary.ru/sites/default/files/styles/width_255_height_381/public/bez_imeni_1_iz_1-335.jpg?itok=WQN_7LGi
Запечённая форель с соусом из огурца и кресс-салата,https://cooklikemary.ru//recipe/ryba/zapechyonnaya-forel-s-sousom-iz-ogurca-i-kress-salata,https://cooklikemary.ru/sites/default/files/styles/width_255_height_381/public/bez_imeni_1_iz_1-313.jpg?itok=tO4prgXQ
Шоколадный рождественский кекс с инжиром и финиками,https://cooklikemary.ru//recipe/desert-i-vypechka/keks-maffiny-kulich/shokoladnyy-rozhdestvenskiy-keks-s-inzhirom-i-finikami,https://cooklikemary.ru/sites/default/files/styles/width_255_height_381/public/bez_imeni_1_iz_1-296.jpg?itok=28RDxrga
Свиная корейка с черносливом в сладком соусе,https://cooklikemary.ru//recipe/myaso/svinaya-koreyka-s-chernoslivom-v-sladkom-souse,https://cooklikemary.ru/sites/default/files/styles/width_255_height_381/public/e78ba0b8-017f-42e1-8a3c-b7becce4e824.jpeg?itok=MFGcfurR
"Салат с хрустящими баклажанами, помидорами и творожным сыром",https://cooklikemary.ru//recipe/salat/salat-s-hrustyashchimi-baklazhanami-pomidorami-i-tvorozhnym-syrom,https://cooklikemary.ru/sites/default/files/styles/width_255_height_381/public/bez_imeni_1_iz_1-260.jpg?itok=h17Xr6l5
Вкусные сырники без муки,https://cooklikemary.ru//recipe/bliny-oladi-syrniki/vkusnye-syrniki-bez-muki,https://cooklikemary.ru/sites/default/files/styles/width_255_height_381/public/bez_imeni_1_iz_1-250.jpg?itok=BNYZkOyO
Самый вкусный морковный торт,https://cooklikemary.ru//recipe/desert-i-vypechka/torty-pirozhnye/samyy-vkusnyy-morkovnyy-tort,https://cooklikemary.ru/sites/default/files/styles/width_255_height_381/public/bez_imeni_1_iz_1-255.jpg?itok=R1-tgbGv
Лимонный чизкейк,https://cooklikemary.ru//recipe/desert-i-vypechka/torty-pirozhnye/limonnyy-chizkeyk,https://cooklikemary.ru/sites/default/files/styles/width_255_height_381/public/bez_imeni_1_iz_1-226.jpg?itok=jUYHUKqq
Салат с утиной грудкой и манго,https://cooklikemary.ru//recipe/salat/salat-s-utinoy-grudkoy-i-mango,https://cooklikemary.ru/sites/default/files/styles/width_255_height_381/public/bez_imeni_1_iz_1-251.jpg?itok=Hp7bprSG
Профитроли с вареной сгущенкой и маскарпоне,https://cooklikemary.ru//recipe/desert-i-vypechka/torty-pirozhnye/profitroli-s-varenoy-sgushchenkoy-i-maskarpone,https://cooklikemary.ru/sites/default/files/styles/width_255_height_381/public/bez_imeni_1_iz_1-246_0.jpg?itok=DkRvhpOA
Тонкости приготовления заварного теста,https://cooklikemary.ru//basics/tonkosti-prigotovleniya-zavarnogo-testa,https://cooklikemary.ru/sites/default/files/styles/width_255_height_381/public/ri6s8y9y-j8.jpg?itok=Xypipibt
Секреты правильного ростбифа,https://cooklikemary.ru//basics/sekrety-pravilnogo-rostbifa,https://cooklikemary.ru/sites/default/files/styles/width_255_height_381/public/img_3701.jpg?itok=nCxFUg6i
Ростбиф,https://cooklikemary.ru//recipe/myaso/govyadina/rostbif,https://cooklikemary.ru/sites/default/files/styles/width_255_height_381/public/bez_imeni_1_iz_1-193.jpg?itok=YMVgIznm
Заварные пирожные с нежным творожным кремом,https://cooklikemary.ru//recipe/desert-i-vypechka/torty-pirozhnye/zavarnye-pirozhnye-s-nezhnym-tvorozhnym-kremom,https://cooklikemary.ru/sites/default/files/styles/width_255_height_381/public/bez_imeni_1_iz_1-214.jpg?itok=D15UCVDm
"Салат с огурцом, авокадо и кешью",https://cooklikemary.ru//recipe/zakuska/salat-s-ogurcom-avokado-i-keshyu,https://cooklikemary.ru/sites/default/files/styles/width_255_height_381/public/bez_imeni_1_iz_1-199.jpg?itok=qOD0ow4O
Феттучини с лососем в соусе из сыра с голубой плесенью,https://cooklikemary.ru//recipe/ryba/fettuchini-s-lososem-v-souse-iz-syra-s-goluboy-plesenyu,https://cooklikemary.ru/sites/default/files/styles/width_255_height_381/public/bez_imeni_1_iz_1-184.jpg?itok=7Tio6w1_
Утиная грудка с баклажанами в азиатском стиле (ВОК),https://cooklikemary.ru//recipe/ptica/utka/utinaya-grudka-s-baklazhanami-v-aziatskom-stile-vok,https://cooklikemary.ru/sites/default/files/styles/width_255_height_381/public/bez_imeni_1_iz_1-177.jpg?itok=f16LFItT
Шоколадный фондан,https://cooklikemary.ru//recipe/desert-i-vypechka/keks-maffiny-kulich/shokoladnyy-fondan,https://cooklikemary.ru/sites/default/files/styles/width_255_height_381/public/bez_imeni_1_iz_1-176.jpg?itok=eGRI_koN
Расстегаи с рыбой,https://cooklikemary.ru//recipe/pirogi/nesladkiy-pirog/rasstegai-s-ryboy,https://cooklikemary.ru/sites/default/files/styles/width_255_height_381/public/bez_imeni_1_iz_1-157.jpg?itok=ZlR1Jr4Q
"Уха с двумя видами рыб, цукини и огурцом",https://cooklikemary.ru//recipe/sup/uha-s-dvumya-vidami-ryb-cukini-i-ogurcom,https://cooklikemary.ru/sites/default/files/styles/width_255_height_381/public/bez_imeni_1_iz_1-141.jpg?itok=fRHGp_J2
Цыпленок или курица с тыквой в апельсиновом маринаде,https://cooklikemary.ru//recipe/ptica/kurica/cyplenok-ili-kurica-s-tykvoy-v-apelsinovom-marinade,https://cooklikemary.ru/sites/default/files/styles/width_255_height_381/public/bez_imeni_1_iz_1-131.jpg?itok=1iwIfQce
Деревенский пшеничный хлеб,https://cooklikemary.ru//basics/derevenskiy-pshenichnyy-hleb,https://cooklikemary.ru/sites/default/files/styles/width_255_height_381/public/pshen4_0.jpg?itok=oLR_QHlT
Штрудель с яблоками и песочным печеньем,https://cooklikemary.ru//recipe/pirogi/shtrudel-s-yablokami-i-pesochnym-pechenem,https://cooklikemary.ru/sites/default/files/styles/width_255_height_381/public/bez_imeni_1_iz_1-118.jpg?itok=EWoEGfOk
Штрудель с творогом и вишней,https://cooklikemary.ru//recipe/desert-i-vypechka/torty-pirozhnye/shtrudel-s-tvorogom-i-vishney,https://cooklikemary.ru/sites/default/files/styles/width_255_height_381/public/bez_imeni_1_iz_1-96.jpg?itok=31l4kKrv
Cуп Том Ям Кунг (Tom Yum Kung),https://cooklikemary.ru//recipe/sup/tom-yam-kung-tom-yum-kung,https://cooklikemary.ru/sites/default/files/styles/width_255_height_381/public/bez_imeni_1_iz_1-62.jpg?itok=scaZsk1A
"Пирог с грушей, орехом и черным шоколадом",https://cooklikemary.ru//recipe/pirogi/sladkiy-pirog/pirog-s-grushey-orehom-i-chernym-shokoladom,https://cooklikemary.ru/sites/default/files/styles/width_255_height_381/public/bez_imeni_1_iz_1-64.jpg?itok=B0wxsElM
Хлеб первопроходцев,https://cooklikemary.ru//basics/hleb-pervoprohodcev,https://cooklikemary.ru/sites/default/files/styles/width_255_height_381/public/perv2.jpg?itok=fRLupfbI
Закваска для хлеба,https://cooklikemary.ru//basics/zakvaska-dlya-hleba,https://cooklikemary.ru/sites/default/files/styles/width_255_height_381/public/kvas15.jpg?itok=UPMeMIER
Яблочный пирог с орехами и корицей,https://cooklikemary.ru//recipe/pirogi/yablochnyy-pirog-s-orehami-i-koricey,https://cooklikemary.ru/sites/default/files/styles/width_255_height_381/public/bez_imeni_1_iz_1-45.jpg?itok=DDxIlhoR
Тайский салат из говядины (Nam tok),https://cooklikemary.ru//recipe/salat/tayskiy-salat-iz-govyadiny-nam-tok,https://cooklikemary.ru/sites/default/files/styles/width_255_height_381/public/bez_imeni_1_iz_1-51.jpg?itok=xG75ouOB
Рулеты из куриной грудки с творожным сыром и беконом,https://cooklikemary.ru//recipe/ptica/rulety-iz-kurinoy-grudki-s-tvorozhnym-syrom-i-bekonom,https://cooklikemary.ru/sites/default/files/styles/width_255_height_381/public/bez_imeni_1_iz_1-19.jpg?itok=KjFOxP2a
Легкий майонез,https://cooklikemary.ru//basics/legkiy-mayonez,https://cooklikemary.ru/sites/default/files/styles/width_255_height_381/public/mayonez-provansal-1024x841.jpg?itok=AhauOqnT
"Сибас с авокадо, кольраби и черри",https://cooklikemary.ru//recipe/ryba/sibas-s-kolrabi-avokado-i-cherri,https://cooklikemary.ru/sites/default/files/styles/width_255_height_381/public/bez_imeni_1_iz_1-20.jpg?itok=RSs8fnBm
"Куриные грудки, фаршированные ветчиной и моцареллой",https://cooklikemary.ru//recipe/ptica/kurica/kurinye-grudki-farshirovannye-vetchinoy-i-mocarelloy,https://cooklikemary.ru/sites/default/files/styles/width_255_height_381/public/bez_imeni_1_iz_1-6.jpg?itok=oJ21wvt8
Творожная запеканка со свежими ягодами,https://cooklikemary.ru//recipe/tvorog/tvorozhnaya-zapekanka-so-svezhimi-yagodami,https://cooklikemary.ru/sites/default/files/styles/width_255_height_381/public/bez_imeni_1_iz_1.jpg?itok=_PCuyxgI
Яблочный пирог с целыми яблоками,https://cooklikemary.ru//recipe/pirogi/sladkiy-pirog/yablochnyy-pirog-s-celymi-yablokami,https://cooklikemary.ru/sites/default/files/styles/width_255_height_381/public/sup_1_iz_1-8.jpg?itok=Y-rP0EoV
Гороховый суп с копчеными свиными ребрами,https://cooklikemary.ru//recipe/sup/gorohovyy-sup,https://cooklikemary.ru/sites/default/files/styles/width_255_height_381/public/sup_3_iz_3.jpg?itok=2hN_BLy8
Блины,https://cooklikemary.ru//recipe/bliny-oladi-syrniki/bliny,https://cooklikemary.ru/sites/default/files/styles/width_255_height_381/public/img_0819_2.jpg?itok=Ecau18jC
Запечённая баранья ножка с молодым чесноком на подушке из кинзы,https://cooklikemary.ru//recipe/myaso/baranina/zapechyonnaya-baranya-nozhka-s-molodym-chesnokom-na-podushke-iz-kinzy,https://cooklikemary.ru/sites/default/files/styles/width_255_height_381/public/img_0642_2.jpg?itok=2GRgWuEj
Запечённая кукуруза в фольге,https://cooklikemary.ru//recipe/ovoshchi/zapechyonnaya-kukuruza,https://cooklikemary.ru/sites/default/files/styles/width_255_height_381/public/img_0533_2.jpg?itok=1RN-KgXT
Судак в азиатском стиле,https://cooklikemary.ru//recipe/ryba/sudak-v-aziatskom-stile,https://cooklikemary.ru/sites/default/files/styles/width_255_height_381/public/img_0384_-_kopiya_1_0.jpg?itok=8OqhJ8Rh
Судак с пряными травами в бальзамическом уксусе,https://cooklikemary.ru//recipe/ryba/sudak-s-pryanymi-travami-v-balzamicheskom-uksuse,https://cooklikemary.ru/sites/default/files/styles/width_255_height_381/public/img_0401_1.jpg?itok=svHH63UG
Миндальное молоко с семенами чиа и голубикой,https://cooklikemary.ru//recipe/desert-i-vypechka/mindalnoe-moloko-s-semenami-chia-i-golubikoy,https://cooklikemary.ru/sites/default/files/styles/width_255_height_381/public/img_0276.jpg?itok=uSOmUxzO
"Соус с натуральным йогуртом,огурцом и рукколой для рыбы",https://cooklikemary.ru//basics/sous-s-naturalnym-yogurtomogurcom-i-rukkoloy-dlya-ryby,https://cooklikemary.ru/sites/default/files/styles/width_255_height_381/public/sous2.jpg?itok=IbYi_Vpi
Простое сметанное печенье,https://cooklikemary.ru//recipe/desert-i-vypechka/pechene/prostoe-smetannoe-pechene,https://cooklikemary.ru/sites/default/files/styles/width_255_height_381/public/img_9599_2.jpg?itok=y9eHvNs5
"Тарт с творожно-сливочным кремом, ежевикой и голубикой",https://cooklikemary.ru//recipe/pirogi/sladkiy-pirog/tart-s-tvorozhno-slivochnym-kremom-ezhevikoy-i-golubikoy,https://cooklikemary.ru/sites/default/files/styles/width_255_height_381/public/img_0253_2.jpg?itok=7mF_mr6s
Утиная ножка с лапшой и грибами шимеджи в азиатском стиле,https://cooklikemary.ru//recipe/ptica/utka/utinaya-nozhka-s-lapshoy-i-gribami-shimedzhi-v-aziatskom-stile,https://cooklikemary.ru/sites/default/files/styles/width_255_height_381/public/img_9519_3.jpg?itok=zj8s2hLg
Тарталетки с нектаринами и абрикосами,https://cooklikemary.ru//recipe/desert-i-vypechka/torty-pirozhnye/tartaletki-s-nektarinami-i-abrikosami,https://cooklikemary.ru/sites/default/files/styles/width_255_height_381/public/img_9720_2.jpg?itok=gbJHG2x8
Запечённые овощи,https://cooklikemary.ru//recipe/garnir/zapechyonnye-ovoshchi,https://cooklikemary.ru/sites/default/files/styles/width_255_height_381/public/img_9691_1.jpg?itok=HFsacxMn
Запеченные овощи,https://cooklikemary.ru//basics/zapechyonnye-ovoshchi,https://cooklikemary.ru/sites/default/files/styles/width_255_height_381/public/ovoshch2.jpg?itok=C98a86PI
Салат с лисичками и свежими овощами,https://cooklikemary.ru//recipe/ovoshchi/salat-s-lisichkami-i-svezhimi-ovoshchami,https://cooklikemary.ru/sites/default/files/styles/width_255_height_381/public/img_9937_2.jpg?itok=HmO651V1
Феттуччини с лисичками,https://cooklikemary.ru//recipe/pastakrupa/fettuchini-s-lisichkami,https://cooklikemary.ru/sites/default/files/styles/width_255_height_381/public/img_0032_1_0.jpg?itok=K61tUbyn
Котлеты из говядины с тыквой,https://cooklikemary.ru//recipe/myaso/kotlety-iz-govyadiny-s-tykvoy,https://cooklikemary.ru/sites/default/files/styles/width_255_height_381/public/img_7839.jpg?itok=ZZUihKVK
Печеночные котлеты с салом,https://cooklikemary.ru//recipe/myaso/govyadina/pechenochnye-kotlety,https://cooklikemary.ru/sites/default/files/styles/width_255_height_381/public/img_9469_2.jpg?itok=yhAGjdw7
Простой клубничный пирог,https://cooklikemary.ru//recipe/pirogi/sladkiy-pirog/prostoy-klubnichnyy-pirog,https://cooklikemary.ru/sites/default/files/styles/width_255_height_381/public/img_9985_2.jpg?itok=PnPgnZpc
Ванильный крем для тарталеток,https://cooklikemary.ru//basics/krem-dlya-tartaletok,https://cooklikemary.ru/sites/default/files/styles/width_255_height_381/public/klubnika-tart-sweet-berries-delicious-iagody-chernika-korz-1.jpg?itok=rZ9l9nxk
Тарталетки с ванильным кремом и свежими ягодами,https://cooklikemary.ru//recipe/desert-i-vypechka/torty-pirozhnye/tartaletki-s-vanilnym-kremom-i-svezhimi-yagodami,https://cooklikemary.ru/sites/default/files/styles/width_255_height_381/public/img_9843_2.jpg?itok=S5WViyBu
Бисквит королевы Виктории со сливочно-сырным кремом и клубникой,https://cooklikemary.ru//recipe/desert-i-vypechka/torty-pirozhnye/biskvit-korolevy-viktorii-so-slivochno-syrnym-kremom-i,https://cooklikemary.ru/sites/default/files/styles/width_255_height_381/public/img_9579_1.jpg?itok=jXo-Sy9_
Азиатский суп с курицей,https://cooklikemary.ru//recipe/sup/aziatskiy-sup-s-kuricey,https://cooklikemary.ru/sites/default/files/styles/width_255_height_381/public/img_9302_2.jpg?itok=urUF6JjT
Пирог с ревенем,https://cooklikemary.ru//recipe/pirogi/sladkiy-pirog/pirog-s-revenem,https://cooklikemary.ru/sites/default/files/styles/width_255_height_381/public/img_9134_2.jpg?itok=qts3_Rbw
Курица в соусе барбекю,https://cooklikemary.ru//recipe/ptica/kurica/kurica-v-souse-barbekyu,https://cooklikemary.ru/sites/default/files/styles/width_255_height_381/public/img_9042_2.jpg?itok=bJAbx3SX
Пирог с творогом и клубникой,https://cooklikemary.ru//recipe/pirogi/sladkiy-pirog/pirog-s-tvorogom-i-klubnikoy,https://cooklikemary.ru/sites/default/files/styles/width_255_height_381/public/img_8925_2.jpg?itok=Oal59lVU
"Наполеон ""Творожный"" по рецепту А.Селезнева",https://cooklikemary.ru//recipe/desert-i-vypechka/torty-pirozhnye/napoleon-tvorozhnyy-po-receptu-aselezneva,https://cooklikemary.ru/sites/default/files/styles/width_255_height_381/public/2017-02-25_09-17-33_2.jpg?itok=doh78eSP
Курица в кокосовом молоке на огне.,https://cooklikemary.ru//recipe/ptica/kurica/kurica-v-kokosovom-moloke-na-ogne,https://cooklikemary.ru/sites/default/files/styles/width_255_height_381/public/2017-05-28_17-11-34_2.jpg?itok=KmSZ6Wg6
Салат с деревенскими овощами.,https://cooklikemary.ru//recipe/ovoshchi/salat-s-derevenskimi-ovoshchami,https://cooklikemary.ru/sites/default/files/styles/width_255_height_381/public/2017-05-28_16-16-33_2.jpg?itok=os8JnylZ
Глазированная курица,https://cooklikemary.ru//recipe/ptica/kurica/glazirovannaya-kurica,https://cooklikemary.ru/sites/default/files/styles/width_255_height_381/public/img_9411_2.jpg?itok=qdq4RaPK
"Салат с сельдереем,яблоком и голубым сыром.",https://cooklikemary.ru//recipe/salat/salat-s-seldereemyablokom-i-golubym-syrom,https://cooklikemary.ru/sites/default/files/styles/width_255_height_381/public/2017-05-28_15-25-56_2.jpg?itok=ToDhMr0Q
"Торт ""Монастырская изба""",https://cooklikemary.ru//recipe/desert-i-vypechka/torty-pirozhnye/tort-monastyrskaya-izba,https://cooklikemary.ru/sites/default/files/styles/width_255_height_381/public/img_0025_2.jpg?itok=xuaL5jdS
Миндальное печенье,https://cooklikemary.ru//recipe/desert-i-vypechka/pechene/mindalnoe-pechene,https://cooklikemary.ru/sites/default/files/styles/width_255_height_381/public/2017-05-18_04-12-51.jpg?itok=cSpsWOPZ
Тесто бризе,https://cooklikemary.ru//recipe/pirogi/testo-brize,https://cooklikemary.ru/sites/default/files/styles/width_255_height_381/public/testo-brize.jpg?itok=cYZ_ITzS
"Филе куриной грудки с перцем,тыквой и зеленым горошком.",https://cooklikemary.ru//recipe/ptica/kurica/file-kurinoy-grudki-s-percemtykvoy-i-zelenym-goroshkom,https://cooklikemary.ru/sites/default/files/styles/width_255_height_381/public/img_9437_0.jpg?itok=47-jwXjQ
Таввас - запеченная баранина с овощами и зирой.,https://cooklikemary.ru//recipe/myaso/baranina/tavvas-zapechennaya-baranina-s-ovoshchami-i-ziroy,https://cooklikemary.ru/sites/default/files/styles/width_255_height_381/public/2017-05-16_09-11-08_2_1.jpg?itok=Es7OKQKZ
Крем-суп с брокколи и вёшенками,https://cooklikemary.ru//recipe/ovoshchi/krem-sup-s-brokkoli-i-vyoshenkami,https://cooklikemary.ru/sites/default/files/styles/width_255_height_381/public/img_9329_1.jpg?itok=Mh2M5cI3
Кокосовый чиа-пудинг с манго,https://cooklikemary.ru//recipe/desert-i-vypechka/kokosovyy-chia-puding-s-mango,https://cooklikemary.ru/sites/default/files/styles/width_255_height_381/public/img_9176_2.jpg?itok=UIAO3qkJ
Овощи в азиатском стиле.,https://cooklikemary.ru//recipe/ovoshchi/ovoshchi-v-aziatskom-stile,https://cooklikemary.ru/sites/default/files/styles/width_255_height_381/public/2017-04-19_14-48-34_0.jpg?itok=Di9EnyZ9
Бутерброды со слабосоленой семгой и творожным сыром,https://cooklikemary.ru//recipe/ryba/buterbrody-so-slabosolenoy-semgoy-i-tvorozhnym-syrom,https://cooklikemary.ru/sites/default/files/styles/width_255_height_381/public/2017-04-02_08-28-23_1.jpg?itok=qY4ZUgKT
Бёф бургиньон,https://cooklikemary.ru//recipe/myaso/govyadina/byof-burginon,https://cooklikemary.ru/sites/default/files/styles/width_255_height_381/public/img_9103.jpg?itok=bkgksOA_
Спагетти с мидиями со сливочным соусом и голубым сыром,https://cooklikemary.ru//recipe/pastakrupa/spagetti-s-midiyami-so-slivochnym-sousom-i-golubym-syrom,https://cooklikemary.ru/sites/default/files/styles/width_255_height_381/public/img_8853_2.jpg?itok=ryYziJ6G
Драники,https://cooklikemary.ru//recipe/bliny-oladi-syrniki/draniki,https://cooklikemary.ru/sites/default/files/styles/width_255_height_381/public/img_9044.jpg?itok=y-ZE_K91
Слабосоленая форель (семга),https://cooklikemary.ru//basics/slabosolenaya-forelsemga,https://cooklikemary.ru/sites/default/files/styles/width_255_height_381/public/sol7.jpg?itok=-wNZqX8v
Сырники,https://cooklikemary.ru//recipe/bliny-oladi-syrniki/syrniki,https://cooklikemary.ru/sites/default/files/styles/width_255_height_381/public/2017-04-08_08-14-57.jpg?itok=dNQHSVt5
Клубничный пирог,https://cooklikemary.ru//recipe/pirogi/sladkiy-pirog/klubnichnyy-pirog,https://cooklikemary.ru/sites/default/files/styles/width_255_height_381/public/2017-04-02_09-25-37.jpg?itok=R9dhiVsi
Котлеты из филе и печени трески,https://cooklikemary.ru//recipe/ryba/kotlety-iz-file-i-pecheni-treski,https://cooklikemary.ru/sites/default/files/styles/width_255_height_381/public/img_8472_0.jpg?itok=LKWfx09h
Жареный беби-картофель,https://cooklikemary.ru//recipe/garnir/zharenyy-bebi-kartofel,https://cooklikemary.ru/sites/default/files/styles/width_255_height_381/public/img_8450.jpg?itok=nW9Es0hd
Лапша со спаржей и грибами вешенками,https://cooklikemary.ru//recipe/garnir/lapsha-so-sparzhey-i-gribami-veshenkami,https://cooklikemary.ru/sites/default/files/styles/width_255_height_381/public/img_8048.jpg?itok=BXstZhfJ
Маффины с яблоком и ириской,https://cooklikemary.ru//recipe/desert-i-vypechka/keks-maffiny-kulich/maffiny-s-yablokom-i-iriskoy,https://cooklikemary.ru/sites/default/files/styles/width_255_height_381/public/img_80921.jpg?itok=okPv7M2_
Мидии,https://cooklikemary.ru//recipe/moreprodukty/midii,https://cooklikemary.ru/sites/default/files/styles/width_255_height_381/public/img_0880.jpg?itok=I11RDsNq
Тайский кокосовый суп с курицей (Том кха),https://cooklikemary.ru//recipe/sup/tayskiy-kokosovyy-sup-s-kuricey-tom-kha,https://cooklikemary.ru/sites/default/files/styles/width_255_height_381/public/2017-03-05_11-47-201.jpg?itok=Omv-txDp
"Зеленая фасоль с шампиньонами, молодой морковью и помидорами черри",https://cooklikemary.ru//recipe/garnir/zelenaya-fasol-s-shampinonami-molodoy-morkovyu-i-pomidorami-cherri,https://cooklikemary.ru/sites/default/files/styles/width_255_height_381/public/img_7960.jpg?itok=Af9dCA4-
Бефстроганов,https://cooklikemary.ru//recipe/myaso/befstroganov,https://cooklikemary.ru/sites/default/files/styles/width_255_height_381/public/img_7979.jpg?itok=Gm0bgkrP
Шоколадный пирог (тарт),https://cooklikemary.ru//recipe/pirogi/shokoladnyy-pirog-tart,https://cooklikemary.ru/sites/default/files/styles/width_255_height_381/public/img_7833.jpg?itok=cIws7MXF
"Семга с брокколи, шпинатом, зелёным горошком и чесноком.",https://cooklikemary.ru//recipe/ryba/semga-s-brokkoli-shpinatom-zelyonym-goroshkom-i-chesnokom,https://cooklikemary.ru/sites/default/files/styles/width_255_height_381/public/img_0343_0.jpg?itok=X7QRRSQd
Лимонный кекс,https://cooklikemary.ru//recipe/desert-i-vypechka/keks-maffiny-kulich/limonnyy-keks-0,https://cooklikemary.ru/sites/default/files/styles/width_255_height_381/public/img_9963.jpg?itok=GhWMqABs
"Торт ""Наполеон""",https://cooklikemary.ru//recipe/desert-i-vypechka/torty-pirozhnye/tort-napoleon,https://cooklikemary.ru/sites/default/files/styles/width_255_height_381/public/img_9514_1.jpg?itok=N4BxGaF5
Пицца 4 сыра на бездрожжевом тесте,https://cooklikemary.ru//recipe/picca/picca-4-syra-na-bezdrozhzhevom-teste,https://cooklikemary.ru/sites/default/files/styles/width_255_height_381/public/img_9335.jpg?itok=7pOyPwIB
Пирог с корицей,https://cooklikemary.ru//recipe/pirogi/pirog-s-koricey,https://cooklikemary.ru/sites/default/files/styles/width_255_height_381/public/img_9357.jpg?itok=WhAVsmNi
Самый вкусный луковый суп,https://cooklikemary.ru//recipe/sup/samyy-vkusnyy-lukovyy-sup,https://cooklikemary.ru/sites/default/files/styles/width_255_height_381/public/img_9153.jpg?itok=_whnKJlQ
Вишисуаз-крем-суп из картофеля и лука-порея,https://cooklikemary.ru//recipe/sup/vishisuaz-krem-sup-iz-kartofelya-i-luka-poreya,https://cooklikemary.ru/sites/default/files/styles/width_255_height_381/public/img_9171.jpg?itok=wuXa8nzX
"Пирожное ""Картошка"" №2",https://cooklikemary.ru//recipe/desert-i-vypechka/pirozhnoe-kartoshka-no2,https://cooklikemary.ru/sites/default/files/styles/width_255_height_381/public/img_9274.jpg?itok=4ZWgC7iy
Гречневая лапша с курицей,https://cooklikemary.ru//recipe/ptica/kurica/grechnevaya-lapsha-s-kuricey,https://cooklikemary.ru/sites/default/files/styles/width_255_height_381/public/img_9129.jpg?itok=pe6eCA1B
Картофельное пюре,https://cooklikemary.ru//recipe/garnir/kartofelnoe-pyure,https://cooklikemary.ru/sites/default/files/styles/width_255_height_381/public/img_8819.jpg?itok=66nBpj0p
Гречневые оладьи с копчёным лососем и сметаной,https://cooklikemary.ru//recipe/bliny-oladi-syrniki/grechnevye-oladi-s-kopchyonym-lososem-i-smetanoy,https://cooklikemary.ru/sites/default/files/styles/width_255_height_381/public/img_8737.jpg?itok=DsFi-tIz
Блинчики со шпинатом,https://cooklikemary.ru//recipe/bliny-oladi-syrniki/blinchiki-so-shpinatom,https://cooklikemary.ru/sites/default/files/styles/width_255_height_381/public/img_8779.jpg?itok=fGYEvIl7
Киноа с овощами,https://cooklikemary.ru//recipe/garnir/kinoa-s-ovoshchami,https://cooklikemary.ru/sites/default/files/styles/width_255_height_381/public/img_8676.jpg?itok=IXxq9IHP
Лимонный кекс,https://cooklikemary.ru//recipe/desert-i-vypechka/keks-maffiny-kulich/limonnyy-keks,https://cooklikemary.ru/sites/default/files/styles/width_255_height_381/public/img_8572.jpg?itok=lcDQo4zB
Курица в гранатовом соусе,https://cooklikemary.ru//recipe/ptica/kurica/kurica-v-granatovom-souse,https://cooklikemary.ru/sites/default/files/styles/width_255_height_381/public/2017-02-12_10-35-21.jpg?itok=w_TQ8VHl
Самый сексуальный салат,https://cooklikemary.ru//recipe/salat/samyy-seksualnyy-salat-0,https://cooklikemary.ru/sites/default/files/styles/width_255_height_381/public/img_1024.jpg?itok=Zin5vaHu
Помидоры фаршированные шпинатом и сыром,https://cooklikemary.ru//recipe/zakuska/pomidory-farshirovannye-shpinatom-i-syrom,https://cooklikemary.ru/sites/default/files/styles/width_255_height_381/public/img_1049.jpg?itok=Zz8XV4tS
Персиковый пирог с печеньем и йогуртом,https://cooklikemary.ru//recipe/pirogi/persikovyy-pirog-s-pechenem-i-yogurtom,https://cooklikemary.ru/sites/default/files/styles/width_255_height_381/public/img_1048.jpg?itok=gcAvY2Xf
"Курица, запечённая с виноградом",https://cooklikemary.ru//recipe/ptica/kurica/kurica-zapechyonnaya-s-vinogradom,https://cooklikemary.ru/sites/default/files/styles/width_255_height_381/public/img_0913.jpg?itok=yvk8oiKQ
Бисквит королевы Виктории,https://cooklikemary.ru//recipe/desert-i-vypechka/biskvit-korolevy-viktorii,https://cooklikemary.ru/sites/default/files/styles/width_255_height_381/public/img_1125.jpg?itok=HqGvIvEu
Барабулька,https://cooklikemary.ru//recipe/ryba/barabulka,https://cooklikemary.ru/sites/default/files/styles/width_255_height_381/public/img_1080_0.jpg?itok=gnBBZAyA
Инжирные бомбочки,https://cooklikemary.ru//recipe/salat/inzhirnye-bombochki,https://cooklikemary.ru/sites/default/files/styles/width_255_height_381/public/img_8212.jpg?itok=Z34xZd1v
Запечённый сыр Камамбер,https://cooklikemary.ru//recipe/zakuska/zapechyonnyy-syr-kamamber,https://cooklikemary.ru/sites/default/files/styles/width_255_height_381/public/img_8193.jpg?itok=k8GllCcc
Запечённая тыква со сливками,https://cooklikemary.ru//recipe/garnir/zapechyonnaya-tykva-so-slivkami,https://cooklikemary.ru/sites/default/files/styles/width_255_height_381/public/img_8202.jpg?itok=IvX7o2y2
Панна-котта,https://cooklikemary.ru//recipe/desert-i-vypechka/torty-pirozhnye/panna-kotta,https://cooklikemary.ru/sites/default/files/styles/width_255_height_381/public/img_1235.jpg?itok=KVFK_2yC
Суп с зеленым горошком и беконом,https://cooklikemary.ru//recipe/sup/sup-s-zelenym-goroshkom-i-bekonom,https://cooklikemary.ru/sites/default/files/styles/width_255_height_381/public/img_1380.jpg?itok=A956ElsD
Говядина тушеная с грибами в сливочном соусе,https://cooklikemary.ru//recipe/myaso/govyadina/govyadina-tushenaya-s-gribami-v-slivochnom-souse,https://cooklikemary.ru/sites/default/files/styles/width_255_height_381/public/img_1269.jpg?itok=GwUTdGrO
Запечённая куриная грудка с грибами и фасолью,https://cooklikemary.ru//recipe/ptica/kurica/zapechyonnaya-kurinaya-grudka-s-gribami-i-fasolyu,https://cooklikemary.ru/sites/default/files/styles/width_255_height_381/public/img_0943.jpg?itok=42SJg8jQ
"Пирожное ""Картошка""",https://cooklikemary.ru//recipe/desert-i-vypechka/torty-pirozhnye/pirozhnoe-kartoshka,https://cooklikemary.ru/sites/default/files/styles/width_255_height_381/public/img_1166_1.jpg?itok=OFNuHssF
Королевский ягодный пирог,https://cooklikemary.ru//recipe/desert-i-vypechka/korolevskiy-yagodnyy-pirog,https://cooklikemary.ru/sites/default/files/styles/width_255_height_381/public/img_9446-2.jpg?itok=wlhOtVhE
Шоколадный рулет,https://cooklikemary.ru//recipe/desert-i-vypechka/shokoladnyy-rulet,https://cooklikemary.ru/sites/default/files/styles/width_255_height_381/public/img_1080.jpg?itok=LeKjSX2y
Ризотто со свеклой и сыром,https://cooklikemary.ru//recipe/garnir/rizotto-so-svekloy-i-syrom,https://cooklikemary.ru/sites/default/files/styles/width_255_height_381/public/img_1129-2.jpg?itok=fo-xuE2V
Котлеты из трески,https://cooklikemary.ru//recipe/ryba/kotlety-iz-treski,https://cooklikemary.ru/sites/default/files/styles/width_255_height_381/public/img_9608-2.jpg?itok=E7JeYLhl
Суп из перепелок с овощами,https://cooklikemary.ru//recipe/sup/sup-iz-perepelok-s-ovoshchami,https://cooklikemary.ru/sites/default/files/styles/width_255_height_381/public/img_9222-2.jpg?itok=U7cOY0_p
Дорада со шпинатом и сливочным сыром,https://cooklikemary.ru//recipe/ryba/dorada-so-shpinatom-i-slivochnym-syrom,https://cooklikemary.ru/sites/default/files/styles/width_255_height_381/public/img_9894-2.jpg?itok=9RVXfBua
Пирог с чёрной смородиной,https://cooklikemary.ru//recipe/desert-i-vypechka/pirog-s-chyornoy-smorodinoy,https://cooklikemary.ru/sites/default/files/styles/width_255_height_381/public/img_9635-2.jpg?itok=cRScua7w
Сливочный суп с брокколи и куриной грудкой,https://cooklikemary.ru//recipe/sup/slivochnyy-sup-s-brokkoli-i-kurinoy-grudkoy,https://cooklikemary.ru/sites/default/files/styles/width_255_height_381/public/img_0975-2.jpg?itok=gXgj0R6P
Перец фаршированный творожным сыром и помидорами,https://cooklikemary.ru//recipe/zakuska/perec-farshirovannyy-tvorozhnym-syrom-i-pomidorami,https://cooklikemary.ru/sites/default/files/styles/width_255_height_381/public/img_0438-2.jpg?itok=-KV44B5F
Маффины с малиной,https://cooklikemary.ru//recipe/desert-i-vypechka/keks-maffiny-kulich/maffiny-s-malinoy,https://cooklikemary.ru/sites/default/files/styles/width_255_height_381/public/img_9338-2.jpg?itok=3lDqDIny
"Пирог ""Ягодное лукошко""",https://cooklikemary.ru//recipe/desert-i-vypechka/pirog-yagodnoe-lukoshko,https://cooklikemary.ru/sites/default/files/styles/width_255_height_381/public/img_0862-2.jpg?itok=81jHS_TS
Рыбные палочки из трески,https://cooklikemary.ru//recipe/ryba/rybnye-palochki-iz-treski,https://cooklikemary.ru/sites/default/files/styles/width_255_height_381/public/img_6558-2.jpg?itok=lKL7U4wy
Пирог со шпинатом,https://cooklikemary.ru//recipe/pirogi/pirog-so-shpinatom,https://cooklikemary.ru/sites/default/files/styles/width_255_height_381/public/img_8827-2.jpg?itok=FmeF8oQO
Сливовый пирог,https://cooklikemary.ru//recipe/pirogi/sladkiy-pirog/slivovyy-pirog,https://cooklikemary.ru/sites/default/files/styles/width_255_height_381/public/img_9269-2.jpg?itok=8Ny5pAhQ
Шоколадные печенья за 30 минут,https://cooklikemary.ru//recipe/desert-i-vypechka/pechene/shokoladnye-pechenya-za-30-minut,https://cooklikemary.ru/sites/default/files/styles/width_255_height_381/public/img_0469.jpg?itok=022OfGGF
"Пикша, запечённая в листьях лука-порея",https://cooklikemary.ru//recipe/ryba/piksha-zapechyonnaya-v-listyah-luka-poreya,https://cooklikemary.ru/sites/default/files/styles/width_255_height_381/public/img_7878-2.jpg?itok=cR5mGFKW
Пирог с шпинатом и голубым сыром,https://cooklikemary.ru//recipe/desert-i-vypechka/pirog-s-shpinatom-i-golubym-syrom,https://cooklikemary.ru/sites/default/files/styles/width_255_height_381/public/img_9196-2.jpg?itok=VP-Brx-x
Очень простой клубничный пирог,https://cooklikemary.ru//recipe/pirogi/sladkiy-pirog/ochen-prostoy-klubnichnyy-pirog,https://cooklikemary.ru/sites/default/files/styles/width_255_height_381/public/img_8881-2.jpg?itok=bVfIwo-G
Печёный картофель с беконом и шалфеем,https://cooklikemary.ru//recipe/zakuska/pechyonyy-kartofel-s-bekonom-i-shalfeem,https://cooklikemary.ru/sites/default/files/styles/width_255_height_381/public/img_8557-2.jpg?itok=aTbNUCDl
Быстрый заливной пирог с капустой,https://cooklikemary.ru//recipe/pirogi/nesladkiy-pirog/bystryy-zalivnoy-pirog-s-kapustoy,https://cooklikemary.ru/sites/default/files/styles/width_255_height_381/public/img_7143-2.jpg?itok=asGylRH7
Кокосово-миндальный сметанник,https://cooklikemary.ru//recipe/desert-i-vypechka/torty-pirozhnye/kokosovo-mindalnyy-smetannik,https://cooklikemary.ru/sites/default/files/styles/width_255_height_381/public/img_0754-2.jpg?itok=FpJ9AwuK
Клубничный бисквит с творожной глазурью,https://cooklikemary.ru//recipe/pirogi/sladkiy-pirog/klubnichnyy-biskvit-s-tvorozhnoy-glazuryu,https://cooklikemary.ru/sites/default/files/styles/width_255_height_381/public/img_8698-2.jpg?itok=yWzX91Bp
Курица в апельсинах по-восточному,https://cooklikemary.ru//recipe/ptica/kurica/kurica-v-apelsinah-po-vostochnomu,https://cooklikemary.ru/sites/default/files/styles/width_255_height_381/public/img_9363-2.jpg?itok=cKwmz22g
Куриные голени в апельсиново-имбирном соусе с тыквой,https://cooklikemary.ru//recipe/ptica/kurica/kurinye-goleni-v-apelsinovo-imbirnom-souse-s-tykvoy,https://cooklikemary.ru/sites/default/files/styles/width_255_height_381/public/img_7166-2.jpg?itok=tbNHf2I1
"Запечённая куриная грудка с беконом и луком-пореем ""Для него""",https://cooklikemary.ru//recipe/ptica/kurica/zapechyonnaya-kurinaya-grudka-s-bekonom-i-lukom-poreem-dlya-nego,https://cooklikemary.ru/sites/default/files/styles/width_255_height_381/public/img_8997-2_0.jpg?itok=5xyOVFAf
Самый сексуальный салат,https://cooklikemary.ru//recipe/salat/samyy-seksualnyy-salat,https://cooklikemary.ru/sites/default/files/styles/width_255_height_381/public/img_9692-2.jpg?itok=qKSNJ0JK
Котлеты из говядины с тыквой,https://cooklikemary.ru//recipe/myaso/govyadina/kotlety-iz-govyadiny-s-tykvoy,https://cooklikemary.ru/sites/default/files/styles/width_255_height_381/public/img_9820-2.jpg?itok=AMNeAXBA
Апельсиновые кексы с шоколадом,https://cooklikemary.ru//recipe/desert-i-vypechka/keks-maffiny-kulich/apelsinovye-keksy-s-shokoladom,https://cooklikemary.ru/sites/default/files/styles/width_255_height_381/public/img_8351.jpg?itok=RmrjhBUY
Лучшая запечённая индейка,https://cooklikemary.ru//recipe/ptica/indeyka/luchshaya-zapechyonnaya-indeyka,https://cooklikemary.ru/sites/default/files/styles/width_255_height_381/public/img_0190.jpg?itok=5ow4uHJY
Конфеты из чернослива с орехами и темным шоколад,https://cooklikemary.ru//recipe/desert-i-vypechka/konfety/konfety-iz-chernosliva-s-orehami-i-temnym-shokolad,https://cooklikemary.ru/sites/default/files/styles/width_255_height_381/public/img_8053.jpg?itok=vFi_DDFM
Конфеты из кураги с миндалём,https://cooklikemary.ru//recipe/desert-i-vypechka/konfety/konfety-iz-kuragi-s-mindalyom,https://cooklikemary.ru/sites/default/files/styles/width_255_height_381/public/img_8225.jpg?itok=pY7Jtgfo
Мраморный кекс,https://cooklikemary.ru//recipe/desert-i-vypechka/keks-maffiny-kulich/mramornyy-keks,https://cooklikemary.ru/sites/default/files/styles/width_255_height_381/public/img_0531.jpg?itok=CWlKBaM-
Тилапия с овощами и моцареллой,https://cooklikemary.ru//recipe/ryba/tilapiya-s-ovoshchami-i-mocarelloy,https://cooklikemary.ru/sites/default/files/styles/width_255_height_381/public/img_0649.jpg?itok=pdcQ9mrj
Горячая шоколадная помадка,https://cooklikemary.ru//recipe/desert-i-vypechka/goryachaya-shokoladnaya-pomadka,https://cooklikemary.ru/sites/default/files/styles/width_255_height_381/public/img_0660.jpg?itok=f40pcD03
Праздничный шоколадный торт,https://cooklikemary.ru//recipe/desert-i-vypechka/torty-pirozhnye/prazdnichnyy-shokoladnyy-tort,https://cooklikemary.ru/sites/default/files/styles/width_255_height_381/public/img_0281.jpg?itok=Z2zLC9vm
"Торт сметанник ""Нежный""",https://cooklikemary.ru//recipe/desert-i-vypechka/torty-pirozhnye/tort-smetannik-nezhnyy,https://cooklikemary.ru/sites/default/files/styles/width_255_height_381/public/img_0654.jpg?itok=bU_GkcNl
Трюфельный торт,https://cooklikemary.ru//recipe/desert-i-vypechka/torty-pirozhnye/tryufelnyy-tort,https://cooklikemary.ru/sites/default/files/styles/width_255_height_381/public/img_9812.jpg?itok=wrmKJPmh
Бананово-кокосовые маффины,https://cooklikemary.ru//recipe/desert-i-vypechka/keks-maffiny-kulich/bananovo-kokosovye-maffiny,https://cooklikemary.ru/sites/default/files/styles/width_255_height_381/public/img_9255.jpg?itok=J2z-S3dh
Сырное печенье,https://cooklikemary.ru//recipe/zakuska/syrnoe-pechene,https://cooklikemary.ru/sites/default/files/styles/width_255_height_381/public/img_0181-2.jpg?itok=IPNJ97MV
Торт сметанник с черносливом и грецкими орехами,https://cooklikemary.ru//recipe/desert-i-vypechka/torty-pirozhnye/tort-smetannik-s-chernoslivom-i-greckimi-orehami,https://cooklikemary.ru/sites/default/files/styles/width_255_height_381/public/img_0630_0.jpg?itok=1tOlvhAb
Рагу из баранины,https://cooklikemary.ru//recipe/myaso/baranina/ragu-iz-baraniny,https://cooklikemary.ru/sites/default/files/styles/width_255_height_381/public/img_0608.jpg?itok=zhVkCdei
Перловка с запечённой свеклой и творожным сыром,https://cooklikemary.ru//recipe/garnir/perlovka-s-zapechyonnoy-svekloy-i-tvorozhnym-syrom,https://cooklikemary.ru/sites/default/files/styles/width_255_height_381/public/img_0272.jpg?itok=TaPQW_Qn
Лосось в тесте,https://cooklikemary.ru//recipe/ryba/losos-v-teste,https://cooklikemary.ru/sites/default/files/styles/width_255_height_381/public/img_0464.jpg?itok=r4kcBV-j
Запеканка из фарша с цветной капустой и шампиньонами,https://cooklikemary.ru//recipe/ptica/kurica/zapekanka-iz-farsha-s-cvetnoy-kapustoy-i-shampinonami,https://cooklikemary.ru/sites/default/files/styles/width_255_height_381/public/img_0495_0.jpg?itok=QCiiHmTp
Куриный плов (детский),https://cooklikemary.ru//recipe/ptica/kurica/kurinyy-plov-detskiy,https://cooklikemary.ru/sites/default/files/styles/width_255_height_381/public/img_0317_1.jpg?itok=Y0oME_iu
Клафути с вишней,https://cooklikemary.ru//recipe/desert-i-vypechka/klafuti-s-vishney,https://cooklikemary.ru/sites/default/files/styles/width_255_height_381/public/htmlimage-1.jpg?itok=cGLkSQuR
Манты,https://cooklikemary.ru//recipe/myaso/baranina/manty,https://cooklikemary.ru/sites/default/files/styles/width_255_height_381/public/img_0679.jpg?itok=1ubi5nBq
Мясная запеканка в тыкве,https://cooklikemary.ru//recipe/myaso/govyadina/myasnaya-zapekanka-v-tykve,https://cooklikemary.ru/sites/default/files/styles/width_255_height_381/public/img_0939.jpg?itok=KdoNlLpX
Белая рыба с беконом на подушке из томатов,https://cooklikemary.ru//recipe/ryba/belaya-ryba-s-bekonom-na-podushke-iz-tomatov,https://cooklikemary.ru/sites/default/files/styles/width_255_height_381/public/img_1015_1.jpg?itok=RJ3KdqYw
Оливье с раковыми шейками и авокадо,https://cooklikemary.ru//recipe/salat/olive-s-rakovymi-sheykami-i-avokado,https://cooklikemary.ru/sites/default/files/styles/width_255_height_381/public/img_0091_0.jpg?itok=aoeSHnIL
Идеальный бисквитный рулет,https://cooklikemary.ru//recipe/desert-i-vypechka/idealnyy-biskvitnyy-rulet,https://cooklikemary.ru/sites/default/files/styles/width_255_height_381/public/img_9943.jpg?itok=ejMOJhko
Грушево-имбирный пирог с миндалем,https://cooklikemary.ru//recipe/pirogi/grushevo-imbirnyy-pirog-s-mindalem,https://cooklikemary.ru/sites/default/files/styles/width_255_height_381/public/img_1152_2.jpg?itok=YClP_p_H
"Торт ""Птичье молоко""",https://cooklikemary.ru//recipe/desert-i-vypechka/torty-pirozhnye/tort-ptiche-moloko,https://cooklikemary.ru/sites/default/files/styles/width_255_height_381/public/img_9759.jpg?itok=eaNkUggk
Луковый суп,https://cooklikemary.ru//recipe/sup/lukovyy-sup,https://cooklikemary.ru/sites/default/files/styles/width_255_height_381/public/img_9329.jpg?itok=TV6X0wuv
Легкий майонез,https://cooklikemary.ru//recipe/sousy/legkiy-mayonez,https://cooklikemary.ru/sites/default/files/styles/width_255_height_381/public/img_8545.jpg?itok=AaXO_lnP
Рождественский кекс с сухофруктами и ромом,https://cooklikemary.ru//recipe/desert-i-vypechka/keks-maffiny-kulich/rozhdestvenskiy-keks-s-suhofruktami-i-romom,https://cooklikemary.ru/sites/default/files/styles/width_255_height_381/public/img_8554_0.jpg?itok=Wx-wDYEs
Рождественский кекс с сухофруктами,https://cooklikemary.ru//recipe/desert-i-vypechka/keks-maffiny-kulich/rozhdestvenskiy-keks-s-suhofruktami,https://cooklikemary.ru/sites/default/files/styles/width_255_height_381/public/img_8447.jpg?itok=DuPK-I8H
"Шоколадный кекс ""Пьяная вишня""",https://cooklikemary.ru//recipe/desert-i-vypechka/keks-maffiny-kulich/shokoladnyy-keks-pyanaya-vishnya,https://cooklikemary.ru/sites/default/files/styles/width_255_height_381/public/img_8945_1.jpg?itok=2AHiArIz
Кролик с черносливом в сметанном соусе,https://cooklikemary.ru//recipe/myaso/krolik/krolik-s-chernoslivom-v-smetannom-souse,https://cooklikemary.ru/sites/default/files/styles/width_255_height_381/public/img_8763.jpg?itok=PsDWYFB2
Капоната,https://cooklikemary.ru//recipe/zakuska/kaponata,https://cooklikemary.ru/sites/default/files/styles/width_255_height_381/public/img_9991.jpg?itok=t5eXYSHE
Закуска из баклажанов с моцареллой,https://cooklikemary.ru//recipe/zakuska/zakuska-iz-baklazhanov-s-mocarelloy,https://cooklikemary.ru/sites/default/files/styles/width_255_height_381/public/img_8615_1.jpg?itok=zL3BGt6n
Брускетта,https://cooklikemary.ru//recipe/zakuska/brusketta,https://cooklikemary.ru/sites/default/files/styles/width_255_height_381/public/img_0032.jpg?itok=kQsOB8eV
Говяжья печень с яблоками,https://cooklikemary.ru//recipe/myaso/govyazhya-pechen-s-yablokami,https://cooklikemary.ru/sites/default/files/styles/width_255_height_381/public/img_7347_2.jpg?itok=V4aqTc0G
Бездрожжевое тесто для пиццы,https://cooklikemary.ru//recipe/picca/bezdrozhzhevoe-testo-dlya-piccy,https://cooklikemary.ru/sites/default/files/styles/width_255_height_381/public/img_8870.jpg?itok=mvAYMgO-
Божественные шоколадные печенья с кокосовой серединкой,https://cooklikemary.ru//recipe/desert-i-vypechka/pechene/bozhestvennye-shokoladnye-pechenya-s-kokosovoy-seredinkoy,https://cooklikemary.ru/sites/default/files/styles/width_255_height_381/public/img_8528.jpg?itok=7Xj6lGgs
"Кекс с абрикосами, апельсиновой цедрой и аперолем",https://cooklikemary.ru//recipe/desert-i-vypechka/keks-s-abrikosami-apelsinovoy-cedroy-i-aperolem,https://cooklikemary.ru/sites/default/files/styles/width_255_height_381/public/img_9865.jpg?itok=6LDq-eqg
Рождественское полено,https://cooklikemary.ru//recipe/desert-i-vypechka/rozhdestvenskoe-poleno,https://cooklikemary.ru/sites/default/files/styles/width_255_height_381/public/img_1386.jpg?itok=m-_t1QmW
Запеченная утка с мандаринами,https://cooklikemary.ru//recipe/ptica/zapechennaya-utka-s-mandarinami,https://cooklikemary.ru/sites/default/files/styles/width_255_height_381/public/img_1487.jpg?itok=v_asd-pU
Теплый салат с красным луком и беконом,https://cooklikemary.ru//recipe/salat/teplyy-salat-s-krasnym-lukom-i-bekonom,https://cooklikemary.ru/sites/default/files/styles/width_255_height_381/public/img_1047.jpg?itok=LgXXlN77
Жареные кальмары с карамельным луком,https://cooklikemary.ru//recipe/moreprodukty/zharenye-kalmary-s-karamelnym-lukom,https://cooklikemary.ru/sites/default/files/styles/width_255_height_381/public/img_0041.jpg?itok=FYcLzzEs
Морковный пирог,https://cooklikemary.ru//recipe/desert-i-vypechka/morkovnyy-pirog,https://cooklikemary.ru/sites/default/files/styles/width_255_height_381/public/img_0851.jpg?itok=Zo_VZtFT
Мандариновый пирог,https://cooklikemary.ru//recipe/pirogi/sladkiy-pirog/mandarinovyy-pirog,https://cooklikemary.ru/sites/default/files/styles/width_255_height_381/public/img_0355.jpg?itok=pTDPggiL
Печенье овсяное с фундуком и семечками,https://cooklikemary.ru//recipe/desert-i-vypechka/pechene/pechene-ovsyanoe-s-fundukom-i-semechkami,https://cooklikemary.ru/sites/default/files/styles/width_255_height_381/public/img_0037.jpg?itok=DwhQin97
Курица в арахисовой пасте,https://cooklikemary.ru//recipe/ptica/kurica/kurica-v-arahisovoy-paste,https://cooklikemary.ru/sites/default/files/styles/width_255_height_381/public/img_1216.jpg?itok=KmMsHxy3
"Курица ""Селестин""",https://cooklikemary.ru//recipe/ptica/kurica/kurica-selestin,https://cooklikemary.ru/sites/default/files/styles/width_255_height_381/public/img_0719.jpg?itok=F3zwD8kf
Заливной пирог с курицей  и грибами,https://cooklikemary.ru//recipe/pirogi/nesladkiy-pirog/zalivnoy-pirog-s-kuricey-i-gribami,https://cooklikemary.ru/sites/default/files/styles/width_255_height_381/public/img_0813_0.jpg?itok=GLsLbr6l
Финансье,https://cooklikemary.ru//recipe/desert-i-vypechka/pechene/finanse,https://cooklikemary.ru/sites/default/files/styles/width_255_height_381/public/img_0391.jpg?itok=gqFddlcU
Филе белой рыбы под чесночным соусом.,https://cooklikemary.ru//recipe/ryba/file-beloy-ryby-pod-chesnochnym-sousom,https://cooklikemary.ru/sites/default/files/styles/width_255_height_381/public/img_0334.jpg?itok=8c4PYgy0
Кекс с грушами и шоколадом,https://cooklikemary.ru//recipe/desert-i-vypechka/keks-s-grushami-i-shokoladom,https://cooklikemary.ru/sites/default/files/styles/width_255_height_381/public/img_0105.jpg?itok=6r0TaHT1
